performance_id,ad_id,channel_id,event_ts,impressions,clicks,spend,conversions,revenue
1000000,100147,5,2020-11-16T06:49:23,224,676,98.54927602546073,402,528.3806965730931
1000001,100141,6,2020-08-20T08:01:34,21,185,100.68942848248281,255,246.48448473760064
1000002,100073,6,2020-10-30T21:42:55,479,835,103.1998725548797,63,65.86192292371773
1000003,100149,3,2020-05-19T14:02:30,874,931,103.49411703644466,158,415.38290019564005
1000004,100053,2,2020-10-15T08:39:46,0,186,100.78981273539449,715,549.7651882445346
1000005,100034,3,2020-06-06T20:27:29,673,81,100.90304737831468,754,68.98431956091532
1000006,100118,6,2020-12-22T17:58:25,110,627,100.1841560178779,720,960.0245353518151
1000007,100174,6,2020-01-21T05:56:36,610,177,100.88645252245095,739,370.24875551222436
1000008,100121,3,2020-02-20T07:39:07,772,773,100.44792707170296,442,205.84773631114572
1000009,100064,2,2020-04-08T14:34:19,178,317,98.53807862039504,717,894.183696003734
1000010,100082,1,2020-12-03T20:58:44,314,340,98.21793440802054,782,446.30272504899085
1000011,100027,1,2020-11-17T03:06:22,522,960,102.17484254297086,891,104.38969630404694
1000012,100095,1,2020-10-26T19:13:33,540,981,99.3280375424484,240,505.24824813072377
1000013,100060,2,2020-12-14T09:52:02,180,798,100.43560961014711,731,488.9899141261359
1000014,100076,4,2020-06-23T14:16:58,56,215,101.85370102780074,240,64.0366403373851
1000015,100194,3,2020-10-24T09:57:43,503,160,100.50914778919385,961,956.6290710365319
1000016,100037,4,2020-03-19T04:09:08,925,978,102.7852288095712,345,716.1288284713953
1000017,100164,2,2020-02-20T19:11:01,560,586,98.0924592681341,255,525.2993906347123
1000018,100045,4,2020-05-26T00:24:13,868,976,100.12871717143216,754,493.53527129444694
1000019,100142,6,2020-08-02T06:00:59,933,780,101.89496305725602,190,114.78482749334329
1000020,100077,5,2020-08-01T02:18:31,221,234,101.49629484664463,557,689.9487642727804
1000021,100197,3,2020-06-07T10:10:30,977,199,98.05482116917696,892,125.4211905317385
1000022,100126,2,2020-10-20T07:42:41,407,597,96.1314011482944,338,850.1104402970412
1000023,100055,2,2020-05-20T22:55:39,512,125,101.36171236755216,780,402.99895894627605
1000024,100117,6,2020-06-23T16:00:48,551,147,101.64352840798661,51,935.7745453702854
1000025,100025,1,2020-11-22T04:10:23,489,728,101.40266939115655,503,615.9282020337271
1000026,100133,2,2020-02-16T06:45:17,691,190,98.45809483200759,877,776.3011968107265
1000027,100173,2,2020-08-10T20:09:18,42,401,101.6563433477789,951,639.6207124122341
1000028,100172,4,2020-05-17T13:40:43,805,868,100.03619341152253,823,295.6308205491032
1000029,100136,6,2020-03-02T18:19:17,412,587,98.3485887589604,346,31.990255622421635
1000030,100182,4,2020-08-13T15:47:58,719,116,100.33631553575434,130,801.6402816391087
1000031,100105,4,2020-03-21T14:15:56,67,780,97.1763875465515,905,252.87975519632167
1000032,100074,2,2020-01-29T22:09:09,289,700,100.75533405860625,636,45.403572900250985
1000033,100028,6,2020-05-13T21:34:27,41,379,96.7144492696915,239,351.3206896001456
1000034,100059,3,2020-11-20T05:49:20,905,468,102.05842766538663,432,54.99357704008479
1000035,100092,4,2020-06-16T11:33:31,947,81,102.89186028275917,812,441.5151821305245
1000036,100167,1,2020-04-24T03:21:08,318,404,97.09012781200892,575,80.47992427636008
1000037,100078,5,2020-02-16T14:45:22,650,741,100.18572166700208,553,744.493194464497
1000038,100149,6,2020-08-17T23:59:59,726,899,99.90134291221952,529,321.80605020355523
1000039,100085,3,2020-01-11T19:57:56,145,466,98.02489588065473,262,819.9153506080778
1000040,100077,4,2020-05-08T23:07:29,876,582,99.1238325567895,556,368.34429027389683
1000041,100116,2,2020-01-16T00:58:32,683,573,99.00180574253451,20,28.728975914222744
1000042,100094,4,2020-09-02T22:55:33,705,20,99.84363243681173,676,929.4307562942852
1000043,100045,2,2020-06-05T12:10:07,562,98,102.09315026910166,51,120.49603040684964
1000044,100125,1,2020-08-15T17:32:35,207,539,102.97867378452467,315,678.3399348809264
1000045,100050,4,2020-03-11T00:24:52,293,630,96.59607407791266,309,902.2330949967676
1000046,100131,6,2020-01-23T20:24:40,823,306,99.51742101178552,629,824.5733903619873
1000047,100087,6,2020-07-16T04:24:31,633,803,100.63677356918286,462,830.762769407454
1000048,100104,1,2020-03-26T14:54:47,113,646,98.02968056161741,667,559.6458032633955
1000049,100072,6,2020-02-21T21:47:25,878,699,102.25280326960694,863,498.9717157762513
1000050,100188,2,2020-08-27T10:07:02,753,320,103.05365118387681,50,602.1569799192786
1000051,100088,1,2020-10-14T10:27:28,30,646,101.99392332196355,299,257.46398508816225
1000052,100090,2,2020-12-17T03:58:42,68,338,101.87210287319591,750,156.243702052971
1000053,100072,1,2020-06-25T06:50:52,161,122,99.75967973826236,752,275.4403448534336
1000054,100100,5,2020-11-14T23:43:42,336,400,99.76361834839275,133,329.53463062628373
1000055,100093,5,2020-04-27T15:28:34,321,562,98.95969692669549,100,138.23776665590847
1000056,100162,2,2020-11-26T23:47:20,860,346,98.38073191253007,792,643.4888718662986
1000057,100034,6,2020-03-17T23:03:31,5,555,98.2537319670967,858,40.604956385256855
1000058,100119,4,2020-01-25T02:43:14,181,253,96.24185797843505,166,647.4672191087577
1000059,100011,1,2020-01-16T01:36:29,77,300,97.6385748532949,207,839.3816896711513
1000060,100063,5,2020-02-05T14:46:22,409,756,100.72794240196043,846,943.8303593159621
1000061,100053,5,2020-05-02T13:33:28,538,291,97.33798474313963,248,9.621043842315768
1000062,100077,2,2020-09-28T06:16:43,243,575,102.70174023423934,711,446.71681305019507
1000063,100051,2,2020-08-21T08:35:53,168,433,99.94536876926925,285,277.69407808105916
1000064,100171,1,2020-04-25T23:11:55,10,587,98.51147961259427,395,411.20052351581427
1000065,100112,5,2020-09-25T05:08:46,42,961,99.00472956063852,692,678.9505243428284
1000066,100017,5,2020-05-21T20:28:06,745,317,100.48519427433101,210,160.9395800580543
1000067,100052,3,2020-07-16T19:58:56,428,166,99.54594322566271,178,32.44848498340136
1000068,100054,5,2020-07-01T11:09:25,914,808,99.65535757705815,762,425.46917354676464
1000069,100119,6,2020-03-13T21:29:58,772,606,96.22854627524008,519,184.68839224021337
1000070,100047,1,2020-05-07T19:19:46,84,828,98.90872034395517,840,39.01143162915843
1000071,100171,2,2020-12-20T03:31:50,268,713,99.30620036451312,227,522.3594802337198
1000072,100054,2,2020-05-23T02:04:05,338,889,96.90068406988502,723,651.2740186230137
1000073,100164,4,2020-04-08T21:06:32,680,53,99.88199893208245,633,72.24645434746846
1000074,100057,5,2020-01-20T09:18:54,728,587,97.86440438203593,161,651.1947915810238
1000075,100070,6,2020-07-08T21:39:38,58,704,101.1224511424078,639,544.3475855851445
1000076,100020,5,2020-09-01T01:20:18,553,77,100.40597421733484,861,493.300784950505
1000077,100189,2,2020-08-16T17:19:33,239,807,98.6703243962715,477,567.0477080434208
1000078,100061,4,2020-06-21T03:11:23,156,670,97.14914030986829,316,976.6336892226898
1000079,100008,6,2020-06-16T22:38:27,544,748,99.37587979941901,128,959.265936704659
1000080,100144,4,2020-04-15T11:36:04,304,216,102.0645939763442,793,942.7587259688747
1000081,100009,2,2020-09-05T04:03:55,186,596,99.17275403805517,847,975.1019182325191
1000082,100150,5,2020-01-20T21:41:26,198,14,97.14577909137672,146,217.82731208492123
1000083,100191,4,2020-10-01T21:42:39,369,226,99.43088398684412,273,784.4952722379313
1000084,100175,3,2020-09-09T02:32:15,615,670,99.83764771764952,373,480.250958183278
1000085,100152,3,2020-07-04T20:26:39,223,747,101.04619903147547,821,856.9187867682356
1000086,100180,5,2020-03-19T01:31:33,330,726,104.45358540193708,832,707.430684888006
1000087,100106,1,2020-08-06T08:39:27,836,421,95.94527577538909,651,776.0600008490992
1000088,100073,5,2020-12-30T07:41:49,525,24,101.11719579508258,364,810.4619263483387
1000089,100034,3,2020-02-05T10:56:15,586,299,101.62611898589559,516,916.3101600207735
1000090,100111,3,2020-05-11T02:43:03,574,962,100.91759420701118,594,194.73315473198593
1000091,100025,5,2020-04-20T03:10:27,947,65,100.71271649022223,371,835.4324607639239
1000092,100049,3,2020-06-10T04:21:22,892,614,100.3082222758408,956,149.01145765036705
1000093,100054,4,2020-12-24T21:54:32,733,79,98.7127375472006,958,116.8843316515008
1000094,100034,4,2020-09-14T11:20:01,939,157,98.97622343206508,259,157.50193768418762
1000095,100106,3,2020-11-13T19:21:24,786,545,98.48102819271415,581,299.281497663987
1000096,100190,4,2020-12-22T08:59:23,862,402,103.505096636342,273,767.7219488369697
1000097,100077,5,2020-02-07T15:29:34,349,840,100.3851847274416,72,567.8371023184982
1000098,100092,3,2020-05-05T12:23:25,654,610,100.86860497510257,835,176.20143400866516
1000099,100006,1,2020-07-08T06:07:12,414,614,96.32827472581978,406,277.03617468463426
1000100,100128,4,2020-07-02T07:40:32,236,516,99.17305009618121,547,161.03699136822337
1000101,100088,5,2020-11-04T12:21:22,53,623,101.92810289565445,985,14.38174151903926
1000102,100130,4,2020-04-16T10:43:41,636,614,97.48181875791497,569,785.903631391092
1000103,100044,1,2020-06-27T21:07:42,102,511,99.01784357811864,771,935.0475624554751
1000104,100046,4,2020-08-29T20:09:38,706,437,99.63862517106469,622,507.5361486202696
1000105,100035,5,2020-05-06T07:13:21,413,622,98.692193616499,552,52.42884974711792
1000106,100139,1,2020-10-15T17:02:32,402,530,95.35456840730747,729,775.354126986466
1000107,100092,3,2020-06-22T01:30:58,284,477,101.43088980872855,594,447.0347642791252
1000108,100030,2,2020-11-16T16:20:42,418,621,97.57965908394335,564,426.9115438031571
1000109,100013,2,2020-01-30T19:50:12,156,964,101.87293092455384,251,228.2832637868205
1000110,100175,1,2020-12-29T05:31:32,297,799,98.87189098551887,310,25.853899258384327
1000111,100166,2,2020-12-03T01:25:40,475,970,98.63983883117554,927,278.8806181075657
1000112,100137,2,2020-04-28T03:10:52,56,444,100.32610526588657,610,326.96914182868085
1000113,100168,4,2020-12-04T05:11:23,583,853,99.76200284052352,633,769.4021807813199
1000114,100017,5,2020-05-21T15:42:32,629,774,97.01977693759375,598,161.73054094798965
1000115,100031,3,2020-11-13T08:46:47,866,342,100.60483064633625,362,266.5873209681366
1000116,100162,2,2020-04-02T03:35:13,256,993,99.86566819473589,969,463.3369133944837
1000117,100123,5,2020-04-22T19:23:27,521,719,99.7190347021585,828,547.0851286017015
1000118,100162,1,2020-06-19T09:44:38,130,449,95.7573944337631,670,49.90500801273501
1000119,100057,5,2020-06-16T03:21:04,821,159,101.29936501485322,290,46.97912341808408
1000120,100180,6,2020-09-17T16:24:29,141,318,99.38055652558599,82,246.39144656478828
1000121,100033,5,2020-12-03T12:59:05,477,705,99.33521738610202,797,744.102768575331
1000122,100076,2,2020-06-21T14:59:27,478,597,97.88869733777763,580,755.1275682189931
1000123,100030,3,2020-05-20T18:25:15,891,295,100.07020694355057,663,967.5058332763211
1000124,100186,3,2020-07-23T15:36:40,435,10,97.07948888114213,283,466.3188285715786
1000125,100062,1,2020-01-23T06:19:24,178,480,102.91603402350053,711,69.98558558147705
1000126,100177,3,2020-12-16T20:43:48,351,587,101.43283731534311,851,492.03264252711807
1000127,100161,6,2020-07-11T20:30:15,629,866,97.11153672116075,563,898.3887875931882
1000128,100166,2,2020-12-26T22:04:40,918,786,97.62739031304515,444,713.5258661887314
1000129,100195,1,2020-05-13T21:10:39,363,196,99.27532347820178,425,860.630484309173
1000130,100147,5,2020-05-30T22:24:49,225,727,101.4092460629981,753,354.71867313164853
1000131,100015,3,2020-05-07T15:20:18,73,678,100.68099967994583,712,218.67192397293812
1000132,100166,4,2020-06-22T09:28:42,952,786,100.3226859842796,489,829.5022334082585
1000133,100099,6,2020-01-12T11:42:30,349,576,96.13448386015214,183,561.6479977963281
1000134,100036,5,2020-10-08T04:36:44,257,553,100.68126461009297,564,110.63911472212907
1000135,100027,3,2020-11-03T02:05:36,999,501,99.51425202633645,702,451.1464214232783
1000136,100094,5,2020-10-06T22:38:38,591,662,100.9755559239476,849,915.6686559263205
1000137,100087,1,2020-04-04T21:20:55,513,287,101.82365450902519,602,107.65396817998595
1000138,100014,1,2020-12-29T08:48:26,381,588,98.09610223896036,531,788.54011872657
1000139,100142,4,2020-07-08T20:10:52,436,532,98.22213287201164,139,680.0671562810697
1000140,100077,4,2020-12-10T18:35:53,816,985,102.11544244208525,691,914.2375780420753
1000141,100199,6,2020-07-02T16:51:09,691,198,97.98746269055133,703,448.46139489246997
1000142,100073,4,2020-11-13T18:36:00,910,145,98.71729314379274,991,167.24962453415725
1000143,100098,1,2020-02-12T13:33:20,520,693,101.23744853652899,172,913.1470673670361
1000144,100130,5,2020-10-22T19:10:50,801,705,103.0308837678357,672,439.48044015097963
1000145,100100,2,2020-11-09T08:15:30,876,842,97.43479219222316,181,607.4368372609948
1000146,100072,6,2020-12-10T05:16:07,950,66,98.97279263428248,241,867.1895806932205
1000147,100053,4,2020-04-24T20:22:45,914,271,100.17659663831046,24,667.419353532239
1000148,100180,1,2020-08-26T04:50:36,348,355,101.19510430947902,964,508.0640126189312
1000149,100049,4,2020-11-06T02:41:51,924,67,100.62977524552133,188,257.69879744443955
1000150,100076,2,2020-08-25T11:31:11,681,664,99.96473578317315,616,694.1445333642201
1000151,100078,4,2020-12-05T05:52:54,604,886,102.01304045404886,314,552.0048022672634
1000152,100090,6,2020-03-14T06:34:48,813,609,99.94681362876476,652,749.0931340874289
1000153,100112,5,2020-09-28T09:49:18,586,294,101.88784848540105,79,575.6642800180498
1000154,100066,4,2020-12-08T19:39:07,63,521,98.53440317831354,92,577.7224525199072
1000155,100036,5,2020-03-28T19:12:26,37,611,99.28022379120173,180,444.34584867591195
1000156,100027,3,2020-03-07T07:44:52,908,257,96.87211367843928,690,438.93675707656956
1000157,100112,2,2020-04-08T03:12:17,547,992,98.38929731176006,750,784.2605976952548
1000158,100195,4,2020-05-20T13:50:13,879,168,94.70187693521626,757,27.074905982123365
1000159,100152,6,2020-02-27T22:30:12,990,322,100.5130664364138,516,709.6499368187891
1000160,100052,3,2020-01-29T19:58:32,892,736,102.33932745640449,814,319.8589903001503
1000161,100147,4,2020-07-29T00:25:48,161,623,98.88932454659735,532,405.5188837085053
1000162,100135,5,2020-04-04T07:53:20,833,467,98.20527540977724,422,533.5944978485276
1000163,100178,4,2020-03-15T18:47:36,499,77,98.83469770519412,227,824.7903575779311
1000164,100085,1,2020-11-17T20:18:31,741,208,100.41222113955473,735,869.3922086412765
1000165,100150,4,2020-08-21T06:46:20,507,321,104.73370145838155,302,347.6595509365191
1000166,100078,3,2020-11-28T08:49:34,837,39,100.49748840791099,978,165.99844209173432
1000167,100054,3,2020-01-23T20:46:26,17,774,98.17390173232856,84,943.5657897033384
1000168,100130,4,2020-10-18T05:01:49,778,833,98.90907903955585,887,161.0762414776804
1000169,100044,4,2020-07-12T16:56:57,971,908,99.52533625481212,602,30.767802526991183
1000170,100108,1,2020-05-27T01:12:07,103,366,96.29239804848005,73,349.69273171476823
1000171,100061,3,2020-03-25T12:14:06,926,28,98.29382926719865,977,362.97184938456286
1000172,100112,5,2020-05-25T13:03:33,249,942,100.49856510289838,386,87.66564473329296
1000173,100003,2,2020-10-30T19:12:40,8,964,98.54326728747549,194,495.9167196984975
1000174,100022,6,2020-02-06T17:23:04,331,862,100.47385315727887,253,637.6067617007859
1000175,100152,6,2020-11-06T00:09:15,489,344,98.44629937248003,156,128.1626095988836
1000176,100081,4,2020-01-23T07:25:31,607,457,99.1372819461886,594,167.96941915179588
1000177,100197,2,2020-12-19T05:23:00,45,424,101.42554635145171,757,302.47519984461314
1000178,100146,2,2020-11-16T18:03:08,336,462,99.1942426048479,838,383.2204428588772
1000179,100122,1,2020-04-18T22:18:42,66,988,98.4291274005261,142,114.16833222806677
1000180,100082,2,2020-09-29T05:16:48,926,604,102.16543711616508,158,567.4992193182518
1000181,100084,6,2020-02-13T07:33:54,84,810,102.03729780481488,654,527.887431295824
1000182,100009,6,2020-05-31T00:25:25,748,985,96.38582160608857,686,226.71231990773398
1000183,100194,2,2020-05-23T18:37:00,493,684,98.84130612801488,379,636.7909847604352
1000184,100033,1,2020-08-01T07:44:33,692,248,97.53816985700323,418,787.6001024707629
1000185,100164,4,2020-04-13T15:13:16,677,14,100.60300975073909,655,531.7048420646976
1000186,100083,4,2020-02-29T13:13:54,908,641,101.61288414600932,257,422.41217747718673
1000187,100159,4,2020-11-18T20:47:54,116,739,100.83061942291305,234,580.8223840180339
1000188,100050,3,2020-09-25T21:35:09,984,341,98.45189883223384,70,328.9866252239696
1000189,100003,6,2020-10-07T16:58:03,824,832,100.60533316257045,412,425.75358763681504
1000190,100124,1,2020-09-06T03:32:01,232,828,101.67759126913371,15,194.9172158449104
1000191,100104,2,2020-02-05T05:30:32,410,786,100.88526689486518,298,809.9371203768177
1000192,100050,1,2020-01-27T14:50:59,867,96,99.90800547857526,782,454.46216476048164
1000193,100141,3,2020-03-17T20:24:48,980,907,101.86960998970268,763,617.8364605812994
1000194,100158,4,2020-07-01T10:47:32,263,632,100.3707050631841,626,269.15976707982026
1000195,100062,4,2020-06-01T23:01:25,180,543,101.03133945281175,822,692.8724204652755
1000196,100155,4,2020-03-07T01:57:17,980,882,97.0371728993762,417,697.316050257651
1000197,100036,2,2020-11-28T12:27:23,900,793,101.05128753210057,677,821.8665636187642
1000198,100069,2,2020-07-26T09:17:42,349,270,100.43432344763572,837,601.6764724360432
1000199,100168,1,2020-03-29T18:35:31,61,879,98.44108575099938,319,849.1793926577965
1000200,100103,5,2020-05-27T19:00:31,296,259,100.11526908422978,215,311.4036960982004
1000201,100083,5,2020-09-04T17:51:58,83,532,101.92768772777143,877,784.0566741389429
1000202,100017,6,2020-03-24T03:03:48,778,119,100.97548650465815,67,221.9161690281467
1000203,100097,3,2020-12-08T10:12:02,329,193,99.91438712043954,382,574.159019355887
1000204,100133,5,2020-04-06T16:52:18,17,932,97.66669072486508,536,294.34455776340127
1000205,100086,2,2020-07-27T03:17:11,306,740,99.4674660013239,226,69.58718873016012
1000206,100056,5,2020-03-11T22:13:37,637,170,100.39247677042921,793,658.0623157536082
1000207,100025,3,2020-10-15T14:10:24,67,869,101.95726252323749,436,342.75143297492406
1000208,100186,1,2020-07-09T08:27:35,537,838,98.6375191072346,647,536.0821123162129
1000209,100182,5,2020-06-01T14:58:17,46,984,98.3379266348768,856,356.17939879848706
1000210,100091,1,2020-11-07T23:35:53,36,653,97.8291873700569,379,446.5340730743488
1000211,100183,5,2020-07-02T19:40:41,913,242,100.32943563375449,795,786.457011932044
1000212,100042,4,2020-01-11T17:17:17,14,331,101.5740210715372,606,166.82098938691138
1000213,100151,1,2020-03-05T16:19:50,129,923,102.65053594323066,688,346.52092570730895
1000214,100146,5,2020-11-27T10:06:14,482,705,102.87084553418774,738,788.6770844343599
1000215,100078,3,2020-11-09T20:05:00,543,360,98.5356026301703,933,234.90655710801244
1000216,100111,2,2020-02-20T11:18:17,887,886,98.42305408091433,790,250.48561920461822
1000217,100105,3,2020-02-24T10:53:18,352,569,99.18983311029594,662,903.0000371445885
1000218,100094,5,2020-07-12T03:48:03,137,994,100.14623431295537,682,676.4718139039552
1000219,100104,3,2020-07-06T21:26:57,32,103,99.72291402520021,379,7.111764437613521
1000220,100001,4,2020-02-27T21:35:00,961,249,99.09083652518973,424,74.29655846407512
1000221,100088,1,2020-02-10T21:58:33,306,12,102.19499985941593,802,649.3929512278022
1000222,100002,6,2020-07-27T02:24:27,506,409,98.71981930064808,62,791.570093991261
1000223,100073,3,2020-07-27T21:28:53,490,82,101.66878277557336,75,125.29672611275078
1000224,100180,3,2020-06-19T18:59:29,350,872,97.41219643333805,6,260.3482048014908
1000225,100027,4,2020-07-28T15:17:04,798,99,96.01356106610723,107,937.0853108374178
1000226,100049,2,2020-01-10T17:52:47,936,837,100.39668809718248,887,729.7691947922096
1000227,100189,3,2020-10-07T15:04:43,644,966,99.86720043417453,492,225.94668057547528
1000228,100160,2,2020-03-11T05:27:19,476,612,99.48645410261717,371,42.96003768101786
1000229,100014,2,2020-10-14T14:01:07,277,954,100.14204953263656,903,452.26857756733375
1000230,100060,6,2020-07-29T02:17:35,898,860,100.59061965047786,618,754.6687242038414
1000231,100092,3,2020-08-31T23:04:48,217,853,98.55501515540534,194,412.824807435044
1000232,100117,3,2020-04-27T23:23:31,714,100,100.02937189390727,740,867.5449358753406
1000233,100185,1,2020-03-20T04:15:58,936,487,101.00278784855021,907,831.7699350533644
1000234,100172,6,2020-09-18T07:56:29,116,308,97.31230571851468,795,583.1205661200207
1000235,100080,1,2020-12-23T04:15:18,207,794,99.80002047532884,861,484.5338747580403
1000236,100096,3,2020-03-14T04:48:45,323,223,100.45221158073566,569,884.8091435812086
1000237,100086,1,2020-04-20T15:46:15,898,594,95.90802991515515,532,577.8753398574668
1000238,100118,3,2020-04-20T19:06:45,302,928,97.94544872485916,374,759.098130346281
1000239,100046,4,2020-05-15T13:14:26,849,419,100.12428913271167,142,564.2331371797134
1000240,100079,6,2020-10-17T22:55:52,26,363,97.804261287846,340,410.364907175547
1000241,100106,6,2020-07-25T01:18:19,635,871,97.81041428615464,850,303.0744025014496
1000242,100130,4,2020-12-08T19:16:30,229,437,105.512595568499,679,943.4363991936332
1000243,100093,4,2020-11-29T12:34:16,609,999,103.7844417533911,165,297.42204552846596
1000244,100090,2,2020-02-25T15:19:38,137,539,100.45341757290538,876,841.2559797196981
1000245,100138,5,2020-04-28T10:00:53,213,138,105.23689058301377,416,256.2925715119648
1000246,100197,3,2020-01-21T00:49:48,615,898,101.27419221983644,822,405.86186617988875
1000247,100174,1,2020-09-08T19:12:54,721,930,97.13985415249115,175,622.350050789571
1000248,100018,5,2020-02-26T15:30:59,398,616,99.71977062157978,140,211.9481254092389
1000249,100061,6,2020-11-27T22:52:59,176,995,102.18436943877084,380,479.7316184900424
1000250,100094,2,2020-01-04T23:40:35,420,445,97.01347280206527,959,445.1067562166774
1000251,100179,6,2020-06-05T07:28:42,588,878,104.59227754694508,418,996.6178090379162
1000252,100125,4,2020-04-16T17:49:30,953,721,102.7903330104931,531,226.13024895276868
1000253,100030,3,2020-11-07T08:47:47,969,729,98.29040362816905,945,151.80941879548772
1000254,100146,3,2020-11-12T10:48:51,922,711,101.06865313122402,70,611.1502587079447
1000255,100048,5,2020-05-06T16:47:12,488,162,105.27379736850057,669,807.0902288225512
1000256,100062,3,2020-03-06T20:07:21,394,585,99.8191747318249,463,398.93889960482863
1000257,100177,4,2020-08-14T06:11:58,616,910,103.05425411076811,755,871.1354561025222
1000258,100106,3,2020-07-09T10:53:19,165,175,98.93233006349296,3,561.3765644539931
1000259,100014,6,2020-11-28T11:56:59,530,470,101.44560982344953,814,305.48440717725947
1000260,100089,1,2020-06-10T11:18:31,66,514,99.33564219367261,699,462.66954518181313
1000261,100132,4,2020-02-16T15:43:37,195,833,99.54863855293777,427,103.47125084713771
1000262,100031,1,2020-11-07T06:41:32,831,472,102.00506205803316,979,826.8876706136435
1000263,100090,3,2020-02-20T18:46:16,406,906,102.06103458732291,20,466.29544585121687
1000264,100125,2,2020-08-02T06:49:12,604,557,103.45478671340521,550,26.604583045247708
1000265,100062,1,2020-09-13T11:56:27,80,565,99.71300040517139,76,130.29035869215878
1000266,100043,6,2020-01-14T10:22:44,252,765,100.89064624328874,240,163.8160460926026
1000267,100022,2,2020-06-19T01:50:59,284,801,102.19030981976172,914,735.9322544989573
1000268,100122,5,2020-12-09T13:46:36,763,815,100.2101655769553,673,214.59508788401814
1000269,100063,6,2020-12-04T08:57:22,249,549,99.70876749275149,793,783.4040557945439
1000270,100031,5,2020-10-10T19:35:30,322,988,99.92852506100046,177,961.22627170305
1000271,100114,1,2020-11-20T15:17:28,654,304,96.45357526985828,438,723.6179103435336
1000272,100073,3,2020-07-05T11:48:29,656,86,99.19073010928334,336,250.85312355116352
1000273,100059,5,2020-05-15T05:33:52,573,79,97.68726640994053,501,558.6434743026801
1000274,100094,6,2020-08-20T21:16:03,271,828,97.47647107990696,42,147.32875889166098
1000275,100063,4,2020-03-05T05:23:26,641,28,100.4968039655281,462,739.2967553683178
1000276,100057,3,2020-08-14T17:35:10,514,899,101.10834756245094,332,949.1267717972482
1000277,100017,1,2020-01-14T00:33:09,438,41,101.20307168257358,937,493.10108093398463
1000278,100058,4,2020-05-09T20:58:51,352,475,102.95171959152185,455,162.23513324683736
1000279,100015,5,2020-10-24T11:48:42,670,358,101.03021839831014,985,98.72933003512662
1000280,100000,3,2020-08-18T02:51:06,506,196,98.77761158643276,200,313.88403817226583
1000281,100124,2,2020-01-01T14:10:06,463,521,98.31726030908634,527,826.2837044903728
1000282,100025,1,2020-07-10T20:16:25,661,171,99.3011795552853,58,301.0409558026806
1000283,100101,1,2020-07-13T19:39:40,982,585,100.19374590628391,429,124.31918341321891
1000284,100108,6,2020-08-03T00:10:34,795,280,102.054321906675,141,279.4170769051411
1000285,100114,3,2020-04-17T22:58:12,877,838,98.43930467436873,194,804.1655714826029
1000286,100111,5,2020-06-09T07:25:32,346,292,100.05962265126897,982,545.9711393632388
1000287,100155,1,2020-05-29T00:57:19,206,788,99.11091671306076,974,610.7521097333151
1000288,100101,1,2020-11-11T00:49:03,277,218,97.19032548866205,503,742.4111356390034
1000289,100125,5,2020-04-19T12:08:23,608,818,102.29678153628637,687,648.468549832975
1000290,100061,1,2020-03-23T13:58:31,84,527,99.82372102306813,914,620.5205055859318
1000291,100006,6,2020-10-15T10:57:09,588,605,100.56290572041055,537,695.3557558663774
1000292,100113,2,2020-08-17T02:09:16,768,918,98.48122859952258,73,159.6105683964031
1000293,100143,3,2020-09-14T13:15:06,694,267,101.70494648552886,149,740.945208307054
1000294,100075,3,2020-01-03T20:43:51,39,706,100.61596766527988,653,157.39661280865468
1000295,100078,6,2020-03-07T20:02:17,620,410,103.52876006232748,756,309.13066493200057
1000296,100130,2,2020-12-02T20:12:50,519,666,98.96136928351126,179,860.4529643201116
1000297,100174,4,2020-12-02T00:13:43,763,532,97.89718875339562,530,959.2456647512568
1000298,100166,6,2020-11-04T22:50:42,402,658,100.45110934171946,349,681.4101967886028
1000299,100191,1,2020-02-18T23:08:56,516,592,106.34773995239657,53,152.8089715810631
1000300,100000,3,2020-08-23T19:55:03,113,466,101.78943490737687,971,462.3839065575712
1000301,100128,1,2020-08-27T23:11:02,829,332,100.64263077364676,783,794.7931677865167
1000302,100095,2,2020-07-27T04:47:15,479,710,96.55078867022381,103,434.07131227202456
1000303,100095,6,2020-07-28T21:27:33,706,242,101.21951579083752,854,141.15159934293465
1000304,100175,6,2020-10-25T03:33:40,798,881,100.25804602468598,681,969.0515394043333
1000305,100080,2,2020-10-22T16:48:46,293,239,101.83067452136613,710,514.158813266391
1000306,100052,5,2020-01-03T14:32:32,807,363,101.44397058015734,325,945.4829095569736
1000307,100003,3,2020-10-29T04:52:19,890,693,99.0980754047178,107,487.9234154172868
1000308,100062,5,2020-07-21T10:07:12,428,711,101.46978432133143,394,861.479877467807
1000309,100047,2,2020-04-25T22:26:46,891,599,100.70899860817279,617,502.524604725632
1000310,100033,2,2020-03-31T13:12:28,194,285,99.06130094562334,399,712.9347491696415
1000311,100059,5,2020-11-28T12:34:29,582,210,98.23675729611108,100,266.0208655689498
1000312,100195,3,2020-04-04T16:20:54,490,839,102.51038718244492,371,513.7278086350864
1000313,100085,5,2020-07-02T18:06:54,163,376,96.45602359289687,958,364.86015272334095
1000314,100073,4,2020-08-07T23:47:04,113,681,100.89634880604498,99,496.59469171717575
1000315,100007,3,2020-05-11T10:33:23,555,228,100.16185808003569,137,915.3683910205067
1000316,100173,2,2020-02-20T20:14:35,438,136,100.74687935356516,50,518.983106044105
1000317,100024,1,2020-12-02T05:00:05,891,422,99.03905706806033,65,473.60832767708115
1000318,100025,6,2020-07-25T21:59:17,972,604,98.77875051350586,141,642.1000735454537
1000319,100017,5,2020-07-10T13:21:39,180,921,100.72050192241744,755,722.4220494573866
1000320,100096,6,2020-02-04T23:14:55,499,668,100.84115357945629,545,85.00015510226655
1000321,100018,1,2020-07-22T21:13:49,283,417,99.81061238076313,913,212.41646535565184
1000322,100192,4,2020-01-30T05:23:58,989,348,100.08036368184602,419,825.5031357686672
1000323,100161,1,2020-08-02T11:24:02,862,443,99.84103465281228,465,822.4741827948162
1000324,100075,4,2020-08-27T12:48:04,62,324,100.68739288780402,41,672.6703441807396
1000325,100185,2,2020-07-27T10:47:27,719,512,96.68367241313916,350,767.067566143534
1000326,100026,6,2020-11-10T14:34:48,504,36,97.96647208064235,489,115.72553387634166
1000327,100040,6,2020-05-11T04:26:12,647,46,99.70391323657327,461,118.37730059846608
1000328,100177,2,2020-03-02T16:57:56,385,806,98.98672354877858,772,433.6354890423764
1000329,100160,4,2020-08-07T08:09:49,958,441,99.51247449024405,530,898.9585828708731
1000330,100168,5,2020-11-13T08:38:38,632,618,100.29373403210214,876,242.82573915633444
1000331,100029,3,2020-05-09T09:44:28,1000,160,101.14540315763222,362,339.2257328643895
1000332,100150,5,2020-09-22T17:41:58,858,153,101.52474841666445,309,198.72667900663353
1000333,100032,6,2020-01-23T12:16:58,425,644,98.6797684497481,407,626.1197556072434
1000334,100048,1,2020-10-20T14:06:56,675,548,102.28666225285411,446,522.6602992972556
1000335,100122,2,2020-09-26T23:24:48,379,909,100.75261753261948,551,947.8749708086677
1000336,100149,2,2020-09-11T18:34:06,39,381,100.38159011914233,391,833.753642942443
1000337,100198,5,2020-07-04T02:01:50,526,56,102.97120062468227,826,964.6941697600037
1000338,100094,3,2020-03-27T21:16:18,362,988,99.17033177831604,56,63.75068268545092
1000339,100072,2,2020-10-22T09:01:14,586,879,103.3973085768606,987,480.5366510029847
1000340,100096,2,2020-03-19T06:46:45,735,87,100.02039159344794,538,214.27482805858756
1000341,100018,2,2020-06-01T09:54:14,855,832,100.92951325224148,724,325.52565011100796
1000342,100168,5,2020-03-08T12:51:25,479,599,98.51073266515765,408,687.250996101205
1000343,100095,5,2020-09-21T16:07:13,387,195,104.67045922249706,916,599.9681729758399
1000344,100125,2,2020-07-06T19:38:25,431,890,100.94702831572356,107,449.60899873864344
1000345,100134,6,2020-06-11T03:02:14,626,779,101.54880542765142,474,403.6984647839611
1000346,100068,5,2020-08-12T14:17:14,282,333,98.12976503356492,670,45.50127865945175
1000347,100172,2,2020-04-06T23:58:02,575,642,96.39539508743871,483,622.7257893370299
1000348,100061,6,2020-10-06T08:05:33,438,65,98.25048683966978,733,428.1544062082484
1000349,100153,2,2020-01-08T22:55:55,110,668,96.70234206459699,557,895.2007574789621
1000350,100117,6,2020-05-27T20:17:54,354,512,96.89723764923221,329,377.7674105947717
1000351,100125,5,2020-04-10T14:59:50,138,776,100.13799499234989,399,235.15481345652134
1000352,100093,4,2020-11-18T23:37:30,496,483,100.22311826686659,848,870.6242030822654
1000353,100009,2,2020-08-15T14:59:56,744,744,101.13986494800842,987,707.2188887456462
1000354,100113,2,2020-05-06T02:52:42,879,109,100.65512106905939,78,166.6588609151478
1000355,100109,4,2020-01-22T04:46:17,490,287,101.34396803173199,15,797.3536298268519
1000356,100008,3,2020-03-13T22:15:14,965,650,100.99996053563555,765,941.9635801742228
1000357,100069,2,2020-04-29T21:11:15,108,350,99.78087490383425,600,297.75897105911156
1000358,100110,4,2020-11-19T09:22:59,850,937,100.8891118144904,591,891.281372290817
1000359,100171,5,2020-10-12T11:18:59,655,723,96.90379735481305,222,454.4462243113325
1000360,100024,3,2020-10-26T01:00:54,252,785,99.21929621160905,861,387.3009408439412
1000361,100071,2,2020-11-24T16:20:13,930,691,98.34394808294927,817,871.485206224826
1000362,100028,5,2020-11-19T03:21:10,201,864,97.63518556825854,873,741.1708157198218
1000363,100046,1,2020-01-26T06:36:55,620,174,98.44653977567391,29,455.8984300475997
1000364,100185,3,2020-07-04T21:33:01,137,403,100.65661705924316,652,868.1537284173635
1000365,100196,6,2020-02-28T04:59:34,715,994,101.51363225222917,908,561.5816426891517
1000366,100197,1,2020-12-21T08:17:46,364,114,98.13937328209774,419,982.1497687070392
1000367,100139,2,2020-03-01T20:26:11,46,486,100.69361735969211,568,585.0573538390399
1000368,100190,4,2020-09-14T13:39:50,890,958,101.62019423247499,621,180.84077069306835
1000369,100159,6,2020-11-25T05:30:37,886,883,98.57844128078796,277,413.1520848982172
1000370,100082,1,2020-04-30T08:27:13,391,689,99.1158054595268,218,679.292682108078
1000371,100049,5,2020-12-28T02:03:52,838,652,100.66528668226843,151,463.7318939503399
1000372,100054,6,2020-12-21T19:20:41,261,702,103.05648520558384,109,57.531780385027595
1000373,100163,1,2020-05-16T03:56:17,648,430,100.79063954099098,381,462.0323133129189
1000374,100153,6,2020-07-01T11:23:44,224,710,100.13061614795886,529,521.2628993833657
1000375,100167,6,2020-05-08T11:51:57,572,478,103.61143975408037,248,136.53117108589552
1000376,100031,2,2020-02-11T03:29:12,538,925,98.8096930105466,335,437.4746465866516
1000377,100074,3,2020-10-09T17:49:31,123,78,98.69872141687257,744,622.5203651563393
1000378,100145,3,2020-12-25T16:11:23,550,665,99.49822059660953,468,485.7596517643562
1000379,100188,4,2020-07-02T20:18:44,300,828,100.04713307368782,881,385.78287302860815
1000380,100014,4,2020-01-11T01:31:26,193,840,103.1658273662701,923,242.09102250255788
1000381,100179,1,2020-11-26T14:32:48,863,675,100.65867534940263,343,999.2483290653989
1000382,100175,1,2020-08-26T09:07:48,202,32,100.03421215380125,410,366.22765254473387
1000383,100092,2,2020-03-15T22:28:30,209,284,99.95939225576822,856,410.9143099890235
1000384,100127,1,2020-12-10T02:51:55,986,569,98.75890126345536,606,401.8226776289736
1000385,100183,3,2020-07-22T09:29:01,77,971,102.68428968714274,1,68.03457932407886
1000386,100195,3,2020-02-08T23:38:37,378,316,100.43262215522272,831,904.2615369889226
1000387,100112,1,2020-01-17T02:13:33,302,100,105.07598590971884,240,552.7534048231107
1000388,100018,1,2020-03-19T04:57:51,18,810,98.74922098553144,758,278.3244757521145
1000389,100178,2,2020-08-26T06:59:11,833,346,102.16306286271458,223,253.0288716242516
1000390,100079,5,2020-05-22T18:16:42,587,109,99.4893639865192,857,47.47412169344489
1000391,100101,6,2020-10-26T11:47:59,359,35,98.44232365649499,18,952.5800343095602
1000392,100061,2,2020-05-10T11:15:16,699,554,97.83830819368,182,164.48957339698555
1000393,100180,2,2020-04-27T02:12:41,317,819,101.3859892428886,926,355.3389904581049
1000394,100069,4,2020-02-29T15:37:35,411,715,98.59871575629832,650,505.1016323844606
1000395,100071,6,2020-06-20T03:32:27,8,925,99.17341719230848,885,805.0934116378453
1000396,100072,3,2020-11-01T15:22:48,328,951,102.58880716065832,186,250.06312332864113
1000397,100199,1,2020-02-11T22:46:35,634,634,101.70243549477827,962,958.4705616492
1000398,100068,3,2020-06-06T23:00:51,763,406,101.05210107367675,521,84.0956005540776
1000399,100151,1,2020-04-26T06:56:57,64,469,99.20874607996144,849,510.59657202081013
1000400,100070,3,2020-05-19T23:05:12,580,846,96.44054091622435,383,751.8501724659442
1000401,100016,5,2020-10-30T14:10:30,831,835,95.78276016814318,830,160.33540182637128
1000402,100078,2,2020-02-14T09:26:16,266,85,99.14989484920443,88,486.76133886862283
1000403,100041,3,2020-09-06T20:00:50,974,281,98.47791977466541,881,137.74459791071757
1000404,100130,5,2020-07-06T22:36:32,153,733,99.0763982071872,990,539.716955087154
1000405,100019,1,2020-01-01T05:31:57,107,341,101.61240550231508,963,946.9513903820641
1000406,100094,1,2020-08-29T22:36:22,225,682,102.20402366868315,227,572.2193109805411
1000407,100055,4,2020-10-10T22:43:45,658,674,98.31963651037945,695,226.5577147358875
1000408,100101,5,2020-04-09T05:25:26,556,381,100.07580163818521,359,514.7521171239115
1000409,100014,6,2020-03-26T14:36:14,610,332,98.27769415565452,150,601.0345200023045
1000410,100053,4,2020-06-19T10:49:46,562,366,99.45918305164841,811,840.2767328805782
1000411,100117,5,2020-11-18T15:56:49,985,12,96.28647592687724,380,983.1276628559625
1000412,100031,6,2020-07-20T00:49:47,774,371,100.82959087588453,173,423.35108651947684
1000413,100174,3,2020-06-29T22:24:33,152,162,97.86292601149852,882,204.17001905384623
1000414,100161,4,2020-04-24T02:50:22,80,902,103.6152222583639,687,217.75558347847812
1000415,100189,3,2020-08-30T16:31:31,12,523,101.06325838525339,452,979.658872050057
1000416,100111,5,2020-07-09T08:31:18,110,170,103.84599292013814,12,646.2197280428238
1000417,100176,2,2020-11-26T00:15:48,956,787,98.69439118602038,456,830.3068666053874
1000418,100173,1,2020-11-05T00:57:35,552,828,102.70397099871248,242,645.8295763863396
1000419,100046,6,2020-11-04T08:47:53,508,519,102.17744454069977,55,177.50857549354293
1000420,100117,1,2020-03-31T09:25:12,898,559,102.14402360558654,465,250.94911818397813
1000421,100166,5,2020-12-08T01:58:33,494,716,102.24715352732696,951,927.7671887636944
1000422,100036,5,2020-01-23T19:20:11,421,53,98.44070615139901,192,786.7963721147274
1000423,100183,2,2020-04-22T18:06:00,301,183,101.71105318050931,840,534.3847926412396
1000424,100113,1,2020-11-17T05:01:23,935,332,102.79507156922838,217,485.2465934622854
1000425,100078,5,2020-07-31T16:56:44,611,273,96.17495845129652,227,448.50700643098963
1000426,100190,6,2020-02-10T05:25:06,658,808,100.33344061582636,352,401.92135444714575
1000427,100052,1,2020-12-02T10:08:19,595,370,100.56244058506007,175,587.7587639238674
1000428,100139,5,2020-07-15T09:07:19,150,586,98.85334858061765,324,555.5650244012968
1000429,100156,6,2020-02-02T18:53:26,694,976,99.47075102295129,465,394.30084898356256
1000430,100012,2,2020-07-08T05:21:12,564,179,102.07952495108633,38,395.94516928465373
1000431,100182,6,2020-04-02T05:49:32,19,26,100.27867315556982,981,336.72129485813275
1000432,100155,6,2020-11-09T15:53:36,99,951,102.66306641705339,463,703.9770314569748
1000433,100100,3,2020-05-05T05:58:58,543,653,98.1514685450254,662,362.28418174302055
1000434,100037,1,2020-06-25T00:23:51,77,327,98.96437852145276,963,819.0052181781234
1000435,100072,4,2020-07-12T18:28:22,973,755,103.27508026102555,924,308.53104009831833
1000436,100003,2,2020-01-31T20:40:30,614,627,99.9821731580614,364,410.69614023076474
1000437,100179,4,2020-02-18T04:41:51,360,542,99.21530809676017,667,621.6859236110618
1000438,100045,2,2020-09-13T09:17:48,228,130,98.84704816171528,307,160.42430394812146
1000439,100027,5,2020-11-02T14:49:43,2,85,101.5055063257028,879,125.08911941956924
1000440,100021,1,2020-02-04T10:38:27,698,77,99.6383903408731,600,927.0279618302072
1000441,100108,1,2020-08-08T02:13:08,283,367,100.69255456839875,685,96.84364383427591
1000442,100008,4,2020-08-28T09:35:23,565,9,98.03230082250221,41,380.10748504685597
1000443,100016,5,2020-11-29T05:57:34,337,483,99.43957161455609,607,704.8180542914764
1000444,100166,4,2020-10-28T09:22:40,329,855,105.01574381371175,229,459.39654482655055
1000445,100113,2,2020-05-16T08:39:28,93,623,99.2663910913688,864,591.900594077653
1000446,100190,5,2020-02-16T18:42:14,723,331,96.96205880028933,381,59.5431950224079
1000447,100093,2,2020-05-19T16:15:53,152,997,101.8169286417262,954,55.0574981892471
1000448,100153,4,2020-03-05T22:19:43,162,385,101.2356733551174,488,750.403356850324
1000449,100027,2,2020-12-22T04:13:47,149,143,100.06057024386101,999,492.07295540479845
1000450,100053,3,2020-02-24T17:03:47,419,566,101.07175169731262,179,7.731891996709428
1000451,100079,4,2020-06-11T00:33:39,756,365,99.88634473583345,198,484.4853895029527
1000452,100189,1,2020-05-29T11:02:01,512,632,98.34327362623605,712,477.0626112844386
1000453,100131,6,2020-07-13T17:03:39,182,686,101.43114863747954,549,13.866434769715163
1000454,100196,5,2020-11-05T10:04:28,565,674,98.44433830440458,346,167.99617526112377
1000455,100028,4,2020-12-15T01:48:25,399,565,99.36262711134009,354,269.23688493001276
1000456,100055,6,2020-12-21T17:54:09,815,531,99.34485733333145,519,714.3785291232421
1000457,100126,5,2020-12-06T04:22:44,549,882,100.9065570581772,304,127.96128538789664
1000458,100190,4,2020-01-14T19:31:47,49,805,100.00579607674361,241,943.4831871767827
1000459,100173,5,2020-04-24T05:45:44,491,608,102.58464254589755,970,906.9565314039749
1000460,100074,5,2020-09-20T17:50:30,789,966,100.45000871890024,523,591.9234263395051
1000461,100142,4,2020-03-04T07:48:05,370,188,101.3475950211988,459,643.787752323798
1000462,100055,2,2020-07-28T10:14:18,733,186,97.86279192924117,428,628.5559983860887
1000463,100047,1,2020-04-15T11:45:00,532,608,100.48997335609987,642,869.2092103355625
1000464,100022,2,2020-04-05T00:46:05,137,745,102.43143315571501,861,555.1931092196317
1000465,100099,1,2020-05-21T14:11:30,676,32,102.3087339619597,968,373.7531265491273
1000466,100064,2,2020-10-21T09:49:47,357,182,98.15998051798931,990,430.86810158189456
1000467,100115,4,2020-12-15T10:16:18,375,127,101.28653296853969,429,799.5519692312513
1000468,100149,2,2020-03-11T00:31:10,682,838,99.96880894128918,101,190.07745780345343
1000469,100086,4,2020-01-19T16:09:42,769,341,98.86677352710393,128,497.7774643167847
1000470,100081,2,2020-09-30T07:41:53,742,175,100.28005123387915,104,992.4161326941315
1000471,100113,2,2020-11-11T16:59:34,243,312,102.47599109437985,571,841.2155582651188
1000472,100153,4,2020-05-09T12:20:28,517,255,98.68052254274174,307,259.04317045248706
1000473,100126,1,2020-11-07T03:57:28,359,118,101.52207544005928,948,137.77500101029483
1000474,100128,5,2020-09-08T19:54:04,727,244,101.22061416642859,775,277.4657723751363
1000475,100059,1,2020-02-21T14:26:47,99,980,98.70559577859163,607,394.6085434669696
1000476,100101,3,2020-10-22T07:39:35,814,414,99.27524044223345,411,934.4751109379262
1000477,100002,4,2020-02-04T06:04:41,727,201,100.59232934895105,477,591.3224788520091
1000478,100178,1,2020-10-29T11:48:19,176,427,97.33278359229526,634,228.10867825717807
1000479,100021,5,2020-10-10T22:58:28,661,733,94.2864370562562,272,380.49202049051456
1000480,100037,1,2020-11-17T00:23:14,185,382,103.52112127402032,840,818.6809908375357
1000481,100193,5,2020-02-12T18:30:18,989,946,96.03621850290342,849,284.9153172730483
1000482,100115,5,2020-07-13T15:40:42,585,617,100.9198155515492,348,318.09129259892046
1000483,100090,2,2020-07-08T06:33:37,444,231,98.62529194706242,244,840.0706424392723
1000484,100011,4,2020-07-20T10:15:49,256,941,102.59958453995401,21,908.4128363480594
1000485,100152,2,2020-04-11T15:27:44,673,208,104.0898697942125,897,63.82330122121183
1000486,100103,6,2020-02-15T23:31:37,222,826,104.26712838406623,947,827.6096211825784
1000487,100079,2,2020-05-12T23:20:56,115,951,102.2231496957706,369,430.1279766610858
1000488,100146,1,2020-02-14T07:33:45,560,72,99.2222807640031,934,806.0169165381213
1000489,100184,1,2020-03-27T02:06:27,266,96,97.65228553327225,25,231.82185104656872
1000490,100097,6,2020-10-07T10:21:06,581,876,94.41574595321748,71,29.229820480088264
1000491,100064,3,2020-02-22T09:27:13,194,220,101.32637131557536,713,947.259748415662
1000492,100092,1,2020-10-17T21:44:02,829,63,100.18627676737653,731,595.1354658737168
1000493,100130,6,2020-06-14T02:12:41,417,398,100.65094484982636,168,116.61257769716393
1000494,100107,5,2020-12-24T15:16:19,607,230,104.90431208874719,207,624.9103692917466
1000495,100008,5,2020-01-17T03:03:23,949,917,103.5234054251221,3,971.8460518422226
1000496,100007,2,2020-05-10T03:38:12,943,640,97.72233607890661,639,69.17297685586254
1000497,100058,5,2020-08-01T06:51:28,149,351,102.15101251962533,31,414.6657619164227
1000498,100073,5,2020-09-27T05:20:04,774,886,99.46879145673952,498,353.2220485756944
1000499,100000,6,2020-06-05T21:26:04,69,343,93.59648048303256,797,771.2579875097593
