follower_id,followed_id,followed_ts
1128,1360,2020-06-01T22:03:19
1263,1367,2020-03-23T09:36:56
1186,1226,2020-04-30T19:47:09
1274,1383,2020-07-06T16:31:05
1293,1048,2020-12-23T04:05:58
1291,1161,2020-11-18T08:43:17
1419,1301,2020-07-30T15:22:27
1338,1256,2020-09-16T23:13:39
1245,1228,2020-02-19T14:47:50
1459,1453,2020-01-09T02:36:16
1332,1079,2020-03-19T04:27:29
1421,1361,2020-04-03T13:11:50
1088,1256,2020-04-19T23:17:36
1428,1321,2020-11-15T13:02:15
1427,1494,2020-10-07T09:49:17
1158,1050,2020-01-06T22:52:02
1104,1138,2020-11-06T00:52:53
1099,1041,2020-08-07T17:18:35
1335,1388,2020-06-30T20:33:06
1059,1229,2020-11-07T19:59:11
1140,1058,2020-01-22T02:29:22
1281,1115,2020-08-10T09:55:43
1364,1300,2020-10-26T20:23:44
1237,1207,2020-09-10T11:58:22
1373,1457,2020-03-27T20:52:31
1462,1270,2020-08-14T08:32:44
1395,1440,2020-10-02T11:08:25
1302,1073,2020-09-20T04:47:43
1109,1395,2020-06-02T03:50:55
1491,1365,2020-02-27T07:55:56
1249,1081,2020-01-10T15:51:32
1379,1408,2020-12-26T16:59:17
1499,1171,2020-12-02T18:13:00
1372,1033,2020-09-29T09:11:24
1435,1296,2020-10-28T07:08:38
1036,1122,2020-12-15T10:15:58
1172,1436,2020-04-27T13:51:10
1086,1283,2020-01-08T11:09:21
1386,1344,2020-01-01T23:08:21
1493,1297,2020-10-09T18:23:08
1082,1301,2020-08-15T02:36:20
1084,1033,2020-11-18T14:11:00
1369,1206,2020-08-25T20:31:45
1203,1119,2020-06-23T06:26:13
1128,1226,2020-07-15T04:38:21
1328,1310,2020-02-02T03:10:13
1159,1416,2020-05-29T11:21:58
1022,1313,2020-04-07T03:37:05
1430,1324,2020-05-30T15:50:19
1211,1146,2020-03-27T18:06:10
1474,1349,2020-02-03T21:09:01
1099,1280,2020-04-28T10:18:26
1480,1444,2020-11-20T04:57:01
1430,1201,2020-12-30T06:11:30
1248,1132,2020-05-22T15:16:16
1051,1098,2020-01-17T12:29:41
1399,1096,2020-07-31T15:19:08
1497,1351,2020-10-21T18:27:36
1181,1489,2020-11-07T03:37:52
1363,1412,2020-10-26T04:48:39
1173,1144,2020-07-02T20:36:33
1397,1367,2020-09-17T00:58:54
1285,1368,2020-01-01T19:27:01
1492,1017,2020-09-14T20:38:03
1140,1111,2020-05-28T02:10:21
1152,1345,2020-06-27T22:44:06
1124,1339,2020-03-21T00:36:20
1485,1038,2020-05-07T16:01:53
1073,1399,2020-08-03T21:15:12
1165,1478,2020-01-14T18:39:14
1452,1101,2020-04-17T22:11:02
1177,1185,2020-09-04T13:33:09
1451,1278,2020-08-09T08:50:50
1217,1356,2020-06-05T21:50:08
1388,1396,2020-09-19T17:03:09
1339,1336,2020-04-21T08:35:06
1132,1445,2020-08-23T06:26:46
1288,1142,2020-10-31T22:43:06
1136,1431,2020-07-26T13:42:17
1005,1276,2020-09-07T04:33:41
1097,1233,2020-10-24T07:58:20
1263,1224,2020-01-14T05:09:33
1355,1248,2020-09-30T21:12:53
1143,1315,2020-08-30T18:50:49
1398,1024,2020-03-04T17:03:08
1432,1423,2020-01-02T09:23:09
1412,1245,2020-12-21T04:17:39
1385,1258,2020-06-08T16:37:43
1255,1014,2020-08-27T01:15:12
1217,1245,2020-07-16T12:00:53
1346,1077,2020-05-24T18:22:13
1060,1044,2020-01-29T19:06:06
1245,1313,2020-04-14T02:27:36
1454,1033,2020-05-15T23:49:24
1050,1355,2020-08-31T04:10:01
1445,1310,2020-02-25T07:24:01
1214,1240,2020-04-25T11:15:04
1144,1431,2020-06-01T10:40:46
1447,1046,2020-01-17T10:39:35
1016,1333,2020-03-05T20:59:24
1114,1345,2020-06-26T06:49:36
1135,1333,2020-09-20T12:44:24
1432,1025,2020-02-11T17:35:24
1002,1256,2020-02-03T23:34:31
1307,1062,2020-02-01T10:25:43
1401,1086,2020-11-14T15:19:13
1455,1290,2020-10-19T14:49:03
1486,1090,2020-10-05T00:56:48
1101,1107,2020-12-15T12:21:08
1485,1345,2020-08-21T13:13:16
1286,1350,2020-05-14T14:35:43
1121,1328,2020-02-16T07:41:06
1101,1451,2020-09-03T06:40:26
1116,1031,2020-11-14T10:22:13
1165,1294,2020-02-01T12:35:48
1262,1048,2020-01-07T05:12:17
1245,1281,2020-12-02T03:28:39
1450,1120,2020-04-25T17:05:21
1449,1022,2020-08-04T15:24:00
1491,1280,2020-01-02T03:16:40
1042,1317,2020-12-09T19:29:07
1489,1243,2020-12-19T10:58:53
1396,1164,2020-06-20T01:39:39
1427,1276,2020-08-10T14:46:03
1207,1395,2020-09-01T17:28:23
1296,1467,2020-07-18T01:32:22
1098,1127,2020-09-04T08:25:15
1253,1188,2020-09-11T04:22:06
1013,1093,2020-05-30T03:50:13
1066,1179,2020-11-13T16:04:54
1356,1196,2020-05-09T12:29:25
1403,1094,2020-12-22T22:37:21
1136,1484,2020-09-27T08:57:02
1493,1055,2020-08-31T20:26:47
1151,1213,2020-10-03T07:25:16
1226,1340,2020-01-21T16:45:56
1196,1479,2020-08-04T07:24:24
1158,1033,2020-07-24T16:41:18
1029,1499,2020-02-02T02:23:46
1277,1322,2020-10-24T20:07:06
1397,1242,2020-01-01T10:57:57
1463,1134,2020-05-25T01:12:11
1236,1395,2020-04-28T09:05:19
1281,1351,2020-09-28T08:48:12
1482,1057,2020-01-19T08:57:38
1409,1379,2020-09-12T22:22:13
1367,1408,2020-07-09T00:04:29
1342,1447,2020-05-24T06:15:25
1203,1075,2020-01-21T03:03:55
1184,1473,2020-04-16T06:48:40
1417,1148,2020-09-12T16:53:53
1153,1492,2020-12-29T02:16:00
1444,1497,2020-11-03T10:33:18
1308,1284,2020-06-07T03:53:20
1238,1062,2020-11-29T09:33:25
1254,1218,2020-10-21T13:31:09
1157,1135,2020-04-28T03:05:35
1298,1368,2020-11-03T14:19:38
1307,1179,2020-02-25T11:29:41
1247,1006,2020-12-09T10:09:56
1334,1419,2020-02-03T14:00:33
1224,1122,2020-01-29T21:21:43
1428,1413,2020-08-25T12:12:49
1111,1117,2020-08-01T21:37:47
1217,1072,2020-03-31T13:18:16
1242,1400,2020-04-02T07:34:57
1205,1298,2020-10-11T12:05:34
1066,1056,2020-11-24T16:50:00
1453,1006,2020-02-17T06:07:19
1447,1080,2020-03-30T04:52:57
1477,1407,2020-11-06T02:55:53
1115,1488,2020-01-03T15:47:12
1192,1119,2020-11-15T05:07:55
1083,1164,2020-03-04T07:51:04
1133,1403,2020-10-12T15:34:57
1030,1454,2020-01-11T22:22:07
1415,1045,2020-10-21T09:59:26
1305,1464,2020-05-05T11:32:37
1301,1390,2020-04-30T23:25:51
1360,1369,2020-09-29T18:46:05
1412,1087,2020-07-03T07:37:47
1478,1224,2020-08-19T04:50:09
1307,1449,2020-06-16T10:36:19
1159,1335,2020-04-13T03:12:55
1106,1286,2020-03-27T04:04:25
1129,1117,2020-06-08T18:17:36
1306,1146,2020-02-16T00:11:03
1058,1300,2020-02-09T09:23:10
1451,1034,2020-04-19T21:13:00
1249,1332,2020-11-09T19:57:24
1498,1054,2020-04-28T19:57:13
1243,1190,2020-07-11T23:34:41
1122,1196,2020-08-08T17:11:58
1154,1066,2020-07-18T23:04:50
1286,1007,2020-07-21T06:02:35
1406,1008,2020-02-15T18:31:41
1100,1427,2020-09-18T10:45:48
1442,1414,2020-01-06T08:02:12
1305,1275,2020-11-05T09:11:50
1038,1223,2020-12-01T16:54:14
1167,1366,2020-03-20T21:15:38
1298,1458,2020-04-13T17:49:09
1448,1278,2020-01-18T10:16:35
1392,1208,2020-08-21T05:11:55
1152,1368,2020-05-21T03:05:45
1235,1316,2020-05-03T03:42:13
1208,1037,2020-09-18T12:47:11
1127,1092,2020-04-09T20:46:36
1316,1259,2020-08-09T05:35:08
1130,1267,2020-05-29T02:37:39
1389,1029,2020-08-12T12:08:26
1237,1490,2020-05-18T04:37:30
1041,1019,2020-02-14T20:26:17
1076,1363,2020-11-07T18:15:47
1173,1206,2020-09-01T22:39:18
1440,1333,2020-01-12T19:06:17
1357,1442,2020-09-23T18:26:27
1330,1043,2020-03-18T22:27:13
1290,1306,2020-09-03T17:00:50
1273,1482,2020-04-17T03:08:19
1440,1294,2020-05-16T12:21:32
1059,1498,2020-02-02T22:45:09
1437,1017,2020-09-22T13:57:15
1390,1270,2020-04-26T14:31:42
1197,1312,2020-07-12T11:24:48
1006,1246,2020-11-20T08:41:07
1045,1247,2020-07-21T15:32:21
1052,1356,2020-05-24T03:26:05
1405,1426,2020-02-03T19:33:19
1092,1169,2020-04-27T16:30:23
1022,1332,2020-05-30T07:05:52
1143,1186,2020-03-24T23:40:03
1143,1467,2020-10-02T10:19:26
1225,1429,2020-05-14T07:35:02
1274,1028,2020-07-14T07:36:18
1331,1369,2020-11-15T16:05:38
1131,1350,2020-04-23T02:56:05
1345,1346,2020-08-31T20:53:57
1080,1309,2020-05-21T23:39:42
1146,1018,2020-06-09T07:00:37
1007,1493,2020-10-11T08:38:20
1404,1458,2020-04-21T00:08:48
1286,1119,2020-06-13T14:40:55
1184,1150,2020-09-27T12:07:53
1348,1219,2020-10-07T08:32:18
1068,1175,2020-11-11T08:45:26
1423,1048,2020-07-23T20:49:08
1009,1465,2020-08-05T06:49:31
1369,1009,2020-08-10T07:48:07
1370,1042,2020-12-09T13:37:04
1109,1394,2020-12-07T22:21:59
1099,1055,2020-09-11T16:24:54
1171,1234,2020-02-11T20:08:59
1007,1021,2020-05-27T05:36:51
1370,1299,2020-08-20T03:03:53
1352,1446,2020-07-01T09:47:54
1164,1438,2020-05-03T04:32:03
1306,1053,2020-12-15T06:17:34
1345,1229,2020-06-18T01:29:04
1426,1401,2020-12-26T22:03:13
1153,1216,2020-08-19T21:27:38
1095,1284,2020-07-14T19:53:21
1134,1449,2020-11-12T10:40:45
1016,1259,2020-03-11T07:33:25
1101,1081,2020-09-25T05:33:06
1274,1466,2020-08-18T16:21:46
1424,1136,2020-04-19T07:46:32
1368,1082,2020-08-31T20:53:32
1009,1168,2020-04-09T20:14:28
1227,1371,2020-02-13T14:37:36
1475,1459,2020-09-12T10:36:36
1134,1210,2020-11-17T08:16:56
1093,1098,2020-08-07T06:19:36
1209,1107,2020-02-18T13:58:55
1005,1383,2020-01-08T02:32:38
1021,1295,2020-12-16T06:51:22
1106,1207,2020-08-26T11:24:17
1184,1103,2020-10-17T13:28:47
1269,1390,2020-05-22T01:02:58
1152,1044,2020-04-02T05:21:25
1246,1353,2020-08-11T13:39:46
1166,1161,2020-10-19T17:01:05
1102,1289,2020-10-15T16:49:00
1008,1085,2020-06-27T09:55:38
1489,1005,2020-04-24T20:19:27
1100,1437,2020-04-11T13:24:53
1490,1408,2020-02-13T20:25:51
1212,1368,2020-03-11T01:59:03
1257,1133,2020-04-04T11:22:48
1093,1449,2020-01-27T07:02:08
1278,1063,2020-12-28T15:03:18
1496,1265,2020-10-22T00:00:57
1025,1494,2020-02-04T01:54:22
1189,1184,2020-11-21T00:00:00
1454,1307,2020-01-19T04:46:24
1381,1482,2020-09-19T17:51:00
1220,1033,2020-11-18T21:39:40
1000,1174,2020-10-29T15:44:06
1092,1004,2020-04-06T07:06:09
1013,1369,2020-03-26T14:48:05
1416,1206,2020-03-18T23:42:40
1071,1392,2020-10-05T10:11:05
1126,1111,2020-02-06T15:40:48
1242,1174,2020-10-28T02:39:30
1319,1059,2020-10-24T13:47:02
1072,1462,2020-11-25T19:30:12
1069,1117,2020-02-20T23:21:13
1109,1487,2020-09-20T22:18:10
1240,1308,2020-04-10T06:22:40
1303,1376,2020-08-07T19:51:10
1000,1271,2020-08-15T00:47:19
1407,1204,2020-03-16T05:17:00
1040,1247,2020-10-12T09:27:16
1226,1206,2020-06-24T21:53:08
1009,1312,2020-09-18T20:19:43
1151,1221,2020-09-22T12:28:27
1077,1375,2020-03-24T02:25:43
1149,1199,2020-12-24T16:27:10
1344,1429,2020-01-22T04:21:55
1137,1220,2020-11-11T07:11:51
1033,1273,2020-06-11T09:01:20
1420,1243,2020-04-03T08:57:01
1088,1171,2020-03-28T07:38:11
1018,1105,2020-01-27T11:02:45
1234,1182,2020-02-26T20:11:55
1112,1481,2020-05-17T13:42:02
1468,1433,2020-07-27T11:55:53
1296,1356,2020-10-23T09:13:12
1040,1003,2020-09-16T11:10:39
1065,1414,2020-12-08T19:53:30
1269,1078,2020-02-01T06:33:22
1123,1279,2020-09-06T21:59:36
1405,1249,2020-04-07T14:41:00
1021,1318,2020-05-26T14:06:21
1261,1025,2020-07-30T04:19:36
1470,1106,2020-03-17T10:10:03
1195,1466,2020-02-15T16:25:04
1292,1377,2020-06-06T08:57:19
1328,1419,2020-07-05T22:15:31
1427,1271,2020-04-23T22:56:56
1198,1448,2020-08-06T22:09:18
1124,1297,2020-03-10T21:31:07
1267,1080,2020-01-28T21:50:18
1392,1438,2020-04-06T06:10:12
1141,1135,2020-08-12T02:21:55
1488,1406,2020-06-01T04:25:36
1109,1129,2020-05-25T21:19:16
1160,1460,2020-02-19T06:58:34
1265,1427,2020-04-26T00:51:53
1477,1421,2020-09-01T15:01:21
1230,1374,2020-09-29T08:23:07
1141,1047,2020-09-04T17:23:49
1025,1340,2020-09-04T05:52:11
1233,1310,2020-08-22T05:00:49
1459,1207,2020-12-01T17:29:54
1263,1176,2020-05-06T01:52:21
1256,1221,2020-11-08T03:43:45
1422,1438,2020-12-08T06:42:08
1091,1489,2020-06-08T19:29:31
1206,1017,2020-09-10T22:38:50
1390,1294,2020-12-25T22:54:06
1158,1139,2020-11-05T11:25:14
1370,1272,2020-11-23T08:00:28
1489,1181,2020-07-21T03:02:26
1329,1179,2020-05-02T23:52:06
1410,1175,2020-03-26T12:22:01
1131,1102,2020-04-01T09:01:55
1261,1178,2020-10-23T22:56:55
1256,1489,2020-08-30T05:13:54
1149,1207,2020-12-30T19:07:19
1441,1071,2020-12-25T09:30:23
1029,1463,2020-12-22T07:43:06
1464,1271,2020-08-06T01:00:58
1157,1082,2020-09-03T18:17:02
1471,1472,2020-07-22T02:33:29
1042,1340,2020-02-23T09:59:56
1408,1316,2020-09-11T15:03:39
1044,1004,2020-01-31T23:48:51
1455,1330,2020-09-18T00:15:52
1366,1295,2020-05-29T06:00:27
1102,1201,2020-02-10T20:25:18
1386,1334,2020-04-27T02:26:07
1229,1443,2020-07-14T19:51:52
1070,1208,2020-02-08T00:06:19
1464,1397,2020-10-09T08:09:05
1322,1489,2020-09-02T19:36:41
1349,1016,2020-11-29T22:12:42
1136,1277,2020-07-26T17:11:17
1036,1112,2020-01-29T07:43:20
1421,1104,2020-04-12T19:35:22
1224,1139,2020-10-24T09:14:17
1365,1047,2020-05-17T19:08:20
1353,1278,2020-05-10T09:41:53
1122,1299,2020-08-14T16:52:06
1354,1369,2020-04-02T00:50:41
1102,1297,2020-08-20T12:57:19
1214,1303,2020-12-12T12:11:23
1200,1029,2020-01-02T10:12:15
1295,1046,2020-03-23T16:32:29
1074,1281,2020-04-19T08:29:10
1380,1367,2020-02-21T15:52:59
1468,1206,2020-04-16T22:14:25
1277,1130,2020-11-19T20:45:20
1351,1086,2020-11-25T09:13:50
1414,1042,2020-07-15T07:34:27
1435,1497,2020-01-01T16:31:36
1004,1020,2020-09-16T16:08:36
1203,1177,2020-10-01T07:48:02
1110,1381,2020-12-13T05:02:19
1250,1356,2020-12-07T02:52:19
1216,1082,2020-12-25T19:06:02
1075,1425,2020-06-03T16:31:25
1392,1160,2020-12-03T06:31:23
1166,1440,2020-01-18T04:00:51
1120,1131,2020-11-25T18:16:49
1421,1351,2020-03-09T04:04:34
1007,1189,2020-03-17T16:27:15
1118,1348,2020-05-09T09:08:15
1017,1251,2020-03-25T19:36:46
1319,1006,2020-05-11T07:53:13
1100,1304,2020-11-15T23:24:13
1022,1137,2020-09-17T07:51:19
1334,1474,2020-06-16T09:47:31
1081,1011,2020-01-10T23:32:07
1446,1408,2020-08-16T09:28:13
1288,1278,2020-03-12T23:57:34
1016,1485,2020-08-01T03:04:13
1158,1475,2020-01-19T14:05:10
1378,1260,2020-03-19T15:01:10
1185,1241,2020-04-11T21:40:47
1104,1365,2020-06-19T12:28:26
1240,1181,2020-04-06T00:34:53
1378,1478,2020-04-26T05:56:18
1194,1139,2020-02-06T09:32:40
1020,1347,2020-11-06T21:18:51
1285,1373,2020-11-25T22:36:23
1445,1424,2020-02-17T14:04:45
1459,1323,2020-05-03T19:02:57
1257,1319,2020-04-30T01:21:52
1474,1452,2020-12-20T17:09:04
1051,1210,2020-01-04T20:32:43
1191,1083,2020-08-09T02:32:53
1366,1069,2020-06-02T02:40:55
1016,1076,2020-04-15T00:47:21
1403,1135,2020-08-18T14:51:32
1377,1157,2020-12-08T01:48:54
1151,1090,2020-12-09T17:01:49
1478,1482,2020-11-17T05:27:46
1199,1258,2020-07-19T10:05:13
1046,1194,2020-11-02T23:59:04
1206,1348,2020-01-27T07:13:30
1435,1376,2020-06-08T19:44:32
1369,1248,2020-08-17T08:07:36
1026,1461,2020-06-25T11:19:38
1440,1151,2020-09-30T20:33:59
1345,1185,2020-08-14T03:19:47
1213,1052,2020-12-20T02:43:15
1110,1445,2020-09-09T16:55:49
1464,1001,2020-09-11T16:48:52
1414,1357,2020-01-23T07:58:17
1409,1319,2020-05-02T04:47:39
1093,1281,2020-12-14T11:46:17
1127,1494,2020-02-09T06:44:40
1476,1014,2020-10-28T10:13:26
1247,1400,2020-10-17T02:06:44
1439,1115,2020-03-05T03:00:58
1163,1035,2020-09-21T17:57:45
1178,1165,2020-11-23T16:15:03
1481,1499,2020-08-02T09:13:18
1281,1185,2020-08-16T20:29:36
1150,1016,2020-09-05T21:48:40
1284,1490,2020-02-19T04:14:59
1372,1257,2020-01-17T20:06:14
1033,1218,2020-01-01T12:10:03
1370,1132,2020-10-01T00:41:01
1471,1350,2020-06-07T11:34:18
1093,1182,2020-01-23T03:08:26
1495,1366,2020-09-12T13:54:44
1175,1454,2020-02-23T14:43:32
1244,1041,2020-10-31T21:33:57
1276,1078,2020-10-22T21:56:22
1077,1023,2020-11-29T15:30:44
1392,1393,2020-05-12T01:57:59
1134,1437,2020-11-03T15:22:15
1014,1161,2020-08-25T21:06:53
1439,1024,2020-12-15T00:41:17
1041,1419,2020-07-28T01:43:32
1497,1336,2020-03-09T04:59:49
1122,1062,2020-01-05T04:45:10
1311,1178,2020-07-09T17:45:34
1076,1231,2020-01-17T16:07:32
1244,1004,2020-12-30T23:49:07
1060,1276,2020-12-24T04:23:59
1076,1034,2020-08-20T10:02:01
1347,1313,2020-05-22T09:45:24
1283,1480,2020-01-12T09:07:37
1052,1078,2020-09-05T11:19:23
1415,1092,2020-12-21T20:23:22
1116,1386,2020-12-11T15:52:14
1121,1153,2020-07-30T22:04:12
1008,1121,2020-11-16T09:06:44
1347,1369,2020-11-13T05:19:38
1183,1494,2020-10-09T11:10:49
1118,1188,2020-07-26T22:08:06
1212,1058,2020-04-22T09:39:51
1417,1131,2020-01-01T02:21:15
1486,1156,2020-10-06T00:37:12
1086,1218,2020-01-12T13:38:26
1408,1068,2020-03-15T13:05:14
1187,1199,2020-10-20T20:48:22
1429,1222,2020-03-26T05:04:56
1459,1069,2020-04-07T03:14:12
1143,1425,2020-05-19T22:59:02
1407,1156,2020-05-22T05:41:42
1063,1271,2020-11-19T20:12:34
1204,1197,2020-04-01T12:23:37
1216,1286,2020-05-01T01:28:57
1435,1317,2020-07-05T10:29:58
1493,1205,2020-05-02T18:33:46
1354,1479,2020-06-10T13:24:46
1379,1374,2020-03-09T11:26:36
1418,1106,2020-01-01T02:19:33
1081,1028,2020-06-19T04:28:15
1489,1401,2020-10-04T16:46:00
1214,1178,2020-07-07T12:57:03
1344,1220,2020-06-25T01:18:54
1115,1182,2020-01-04T02:37:44
1452,1141,2020-10-16T18:58:47
1321,1493,2020-09-25T05:33:57
1497,1306,2020-12-12T02:05:10
1136,1243,2020-04-11T14:28:39
1442,1245,2020-03-15T04:12:50
1129,1340,2020-11-27T03:37:27
1100,1332,2020-10-07T05:24:25
1210,1143,2020-06-27T19:20:35
1097,1040,2020-01-03T17:59:21
1210,1456,2020-08-25T07:54:32
1086,1048,2020-05-30T09:35:24
1300,1046,2020-10-27T07:35:47
1154,1337,2020-11-08T13:38:44
1067,1486,2020-04-21T16:12:47
1168,1208,2020-02-18T12:15:17
1138,1303,2020-06-18T15:15:54
1250,1411,2020-09-04T15:09:33
1480,1182,2020-09-22T18:04:45
1018,1094,2020-02-06T19:54:52
1282,1262,2020-11-20T08:44:05
1197,1432,2020-05-13T17:35:54
1210,1290,2020-06-24T05:28:21
1398,1422,2020-05-14T16:22:02
1099,1370,2020-09-23T04:44:33
1124,1441,2020-04-12T23:35:55
1035,1399,2020-04-26T07:06:18
1038,1130,2020-04-27T12:42:23
1041,1022,2020-04-12T12:30:42
1339,1464,2020-01-17T15:09:56
1178,1039,2020-11-06T02:29:56
1214,1130,2020-06-09T20:05:36
1459,1367,2020-09-29T11:32:47
1016,1266,2020-06-11T22:40:19
1172,1193,2020-07-09T15:10:54
1296,1088,2020-02-12T09:57:23
1267,1204,2020-04-15T00:29:28
1276,1076,2020-05-07T02:34:31
1223,1085,2020-09-17T01:44:59
1267,1137,2020-08-25T21:54:01
1366,1050,2020-01-31T07:16:19
1286,1250,2020-12-05T13:26:06
1398,1401,2020-04-25T08:10:30
1237,1336,2020-10-24T10:51:12
1349,1483,2020-04-12T21:48:36
1248,1425,2020-05-01T14:26:40
1427,1237,2020-08-17T22:24:58
1048,1087,2020-02-22T03:28:14
1310,1192,2020-05-01T03:50:40
1491,1352,2020-03-30T06:42:44
1312,1157,2020-02-20T13:34:49
1196,1438,2020-09-14T21:37:19
1142,1385,2020-03-04T14:53:38
1033,1280,2020-04-16T07:23:01
1201,1058,2020-06-12T03:11:01
1392,1123,2020-04-02T09:44:26
1015,1448,2020-03-14T12:46:12
1207,1182,2020-10-02T17:29:52
1035,1295,2020-09-01T03:23:09
1425,1442,2020-12-11T01:45:17
1345,1462,2020-01-09T10:03:25
1057,1115,2020-01-13T21:56:52
1377,1366,2020-12-22T04:00:42
1024,1446,2020-07-28T03:13:30
1229,1074,2020-08-24T20:38:13
1121,1023,2020-11-09T01:46:19
1235,1292,2020-10-23T20:14:01
1452,1475,2020-12-12T04:04:38
1357,1086,2020-06-04T04:31:45
1137,1278,2020-03-05T21:03:00
1160,1492,2020-07-13T23:00:15
1203,1026,2020-12-22T02:57:05
1374,1430,2020-08-29T15:04:28
1447,1328,2020-10-04T10:59:36
1266,1149,2020-02-27T10:21:18
1082,1009,2020-09-02T02:48:15
1127,1440,2020-10-04T00:45:42
1047,1267,2020-05-01T00:06:01
1405,1067,2020-02-03T07:36:22
1097,1305,2020-01-31T01:17:27
1470,1041,2020-01-01T12:35:10
1238,1400,2020-03-02T02:59:57
1111,1119,2020-03-09T13:29:14
1482,1051,2020-09-22T08:57:47
1391,1200,2020-06-07T15:13:34
1416,1148,2020-09-19T10:30:58
1374,1027,2020-01-27T15:57:43
1212,1128,2020-01-21T22:25:39
1018,1282,2020-05-31T12:53:56
1128,1315,2020-06-30T04:23:10
1094,1226,2020-03-04T11:40:15
1146,1001,2020-06-28T03:02:08
1275,1470,2020-09-08T12:06:48
1167,1268,2020-03-05T16:20:42
1047,1383,2020-01-10T19:26:06
1303,1115,2020-03-13T23:21:35
1384,1189,2020-08-04T01:57:06
1265,1385,2020-12-22T01:11:54
1425,1404,2020-03-08T06:24:30
1256,1332,2020-03-19T01:14:37
1056,1366,2020-05-14T10:13:24
1397,1234,2020-08-29T20:02:03
1247,1282,2020-10-24T16:32:33
1399,1430,2020-02-24T08:59:32
1220,1473,2020-12-08T15:49:24
1017,1420,2020-12-01T01:40:01
1201,1098,2020-09-30T10:30:48
1144,1497,2020-06-17T20:46:44
1180,1023,2020-07-26T20:11:02
1033,1128,2020-06-15T05:23:48
1311,1153,2020-03-13T10:49:07
1215,1185,2020-08-14T07:45:49
1347,1337,2020-08-12T15:17:18
1243,1219,2020-04-29T14:21:51
1077,1185,2020-08-09T02:04:43
1458,1438,2020-08-08T15:29:09
1461,1309,2020-12-15T09:58:51
1118,1441,2020-09-11T17:16:41
1100,1131,2020-01-08T13:37:44
1160,1452,2020-06-28T18:32:50
1144,1303,2020-07-22T23:53:41
1453,1221,2020-02-28T15:40:10
1431,1412,2020-05-06T16:07:42
1367,1215,2020-11-20T13:39:10
1053,1271,2020-01-07T12:52:49
1020,1232,2020-01-31T02:31:46
1200,1222,2020-06-15T17:31:14
1276,1203,2020-03-16T10:37:18
1184,1106,2020-01-12T06:19:00
1476,1196,2020-03-20T13:46:37
1259,1116,2020-06-10T22:09:44
1424,1377,2020-06-28T02:52:21
1450,1198,2020-10-13T03:58:03
1331,1126,2020-07-16T09:51:09
1446,1152,2020-04-26T04:10:40
1363,1047,2020-10-17T16:48:43
1220,1133,2020-11-29T06:44:16
1100,1109,2020-08-20T16:09:54
1228,1460,2020-07-12T15:50:48
1013,1264,2020-08-24T13:06:20
1292,1159,2020-11-27T06:42:51
1370,1128,2020-05-10T02:41:03
1466,1330,2020-03-29T07:25:02
1123,1152,2020-08-17T20:34:09
1098,1004,2020-08-04T11:04:04
1059,1249,2020-02-28T02:26:32
1377,1390,2020-05-26T21:56:20
1223,1024,2020-04-06T19:22:13
1254,1157,2020-09-19T05:27:36
1218,1245,2020-06-24T06:47:57
1214,1164,2020-08-10T18:12:06
1191,1235,2020-07-25T13:38:49
1092,1145,2020-04-30T15:08:20
1107,1126,2020-12-30T08:06:01
1175,1231,2020-10-17T11:05:07
1049,1120,2020-12-09T09:41:54
1236,1291,2020-10-02T19:23:42
1463,1292,2020-01-15T04:08:28
1386,1413,2020-12-30T12:53:10
1390,1078,2020-09-07T15:54:16
1035,1057,2020-10-01T22:58:03
1343,1472,2020-12-24T16:08:49
1176,1024,2020-04-11T05:33:18
1123,1014,2020-02-07T05:17:30
1497,1341,2020-07-27T02:40:12
1432,1212,2020-04-29T00:36:28
1056,1306,2020-11-10T19:04:46
1381,1080,2020-11-14T23:41:27
1260,1106,2020-08-31T16:32:51
1196,1183,2020-04-18T20:15:12
1175,1432,2020-12-04T04:11:30
1451,1236,2020-11-24T07:41:10
1241,1241,2020-01-08T01:53:42
1246,1138,2020-04-29T19:21:15
1063,1124,2020-04-05T04:57:45
1134,1403,2020-04-09T07:14:29
1371,1234,2020-03-17T01:29:56
1004,1177,2020-02-16T08:22:02
1440,1454,2020-05-31T02:01:39
1366,1091,2020-06-27T03:28:56
1467,1045,2020-07-09T20:54:27
1230,1175,2020-09-08T00:18:42
1179,1269,2020-09-21T13:46:21
1499,1331,2020-08-24T06:27:47
1437,1051,2020-01-05T17:11:07
1086,1422,2020-04-07T17:42:28
1304,1495,2020-01-15T03:59:49
1098,1214,2020-08-04T04:43:59
1292,1180,2020-07-30T07:31:56
1243,1468,2020-08-25T02:20:05
1167,1461,2020-10-15T16:38:24
1040,1244,2020-12-22T14:27:14
1422,1263,2020-11-01T21:52:52
1179,1011,2020-05-12T19:40:24
1405,1471,2020-03-28T17:13:43
1363,1238,2020-03-31T21:23:06
1372,1324,2020-08-05T15:38:50
1460,1208,2020-05-15T03:50:29
1006,1491,2020-07-17T16:27:52
1193,1155,2020-12-04T18:08:09
1353,1112,2020-07-02T01:25:39
1003,1222,2020-11-23T05:53:59
1407,1104,2020-01-17T15:03:25
1253,1472,2020-07-20T05:17:27
1264,1467,2020-02-07T00:00:08
1110,1307,2020-07-24T10:29:01
1213,1100,2020-12-24T14:44:31
1154,1412,2020-11-26T17:13:14
1032,1373,2020-09-30T21:54:51
1323,1289,2020-10-17T12:00:16
1104,1363,2020-10-01T07:17:51
1080,1191,2020-04-20T07:55:08
1219,1314,2020-11-21T00:23:43
1249,1283,2020-02-26T19:28:48
1050,1489,2020-03-22T13:47:49
1302,1461,2020-06-12T12:05:49
1461,1206,2020-08-24T00:43:24
1157,1076,2020-05-15T22:44:23
1007,1465,2020-03-31T17:02:04
1139,1273,2020-01-07T07:20:52
1013,1167,2020-06-12T17:03:45
1460,1016,2020-05-08T12:38:50
1345,1120,2020-04-08T01:47:52
1286,1295,2020-10-23T09:14:27
1269,1484,2020-04-13T19:05:46
1219,1490,2020-05-14T19:11:32
1157,1353,2020-01-12T15:57:39
1234,1324,2020-09-10T14:21:00
1491,1005,2020-07-31T12:12:17
1064,1264,2020-05-18T19:06:05
1040,1229,2020-12-17T00:31:00
1482,1474,2020-10-15T22:37:30
1312,1005,2020-01-15T05:10:08
1482,1107,2020-11-29T04:29:12
1079,1395,2020-01-26T09:55:49
1240,1305,2020-05-26T16:40:53
1375,1226,2020-04-06T20:51:31
1478,1457,2020-01-22T14:45:52
1459,1259,2020-03-01T06:11:27
1247,1469,2020-02-11T02:03:34
1166,1391,2020-09-26T07:52:43
1258,1144,2020-06-03T19:46:34
1132,1016,2020-02-27T23:49:46
1329,1483,2020-07-19T17:00:06
1007,1336,2020-05-12T11:58:31
1246,1428,2020-02-07T18:39:22
1289,1278,2020-06-28T20:09:24
1000,1136,2020-01-22T13:34:26
1164,1185,2020-12-07T09:57:54
1262,1302,2020-12-01T20:59:40
1108,1147,2020-06-09T17:42:51
1298,1046,2020-02-29T04:56:55
1396,1492,2020-07-14T14:52:41
1070,1350,2020-04-04T01:08:57
1400,1312,2020-06-02T06:36:17
1421,1303,2020-11-04T20:19:37
1421,1404,2020-12-15T18:03:29
1302,1343,2020-01-24T20:18:07
1348,1094,2020-08-28T05:20:19
1383,1490,2020-03-11T16:46:06
1210,1441,2020-05-22T04:37:10
1166,1124,2020-03-28T22:27:17
1444,1212,2020-02-20T00:51:29
1373,1120,2020-11-26T22:17:12
1329,1475,2020-10-04T10:30:11
1347,1202,2020-05-25T21:55:04
1261,1133,2020-05-18T10:11:04
1203,1248,2020-04-28T21:04:24
1166,1119,2020-04-26T01:33:22
1143,1417,2020-03-22T23:15:46
1047,1358,2020-04-10T05:02:32
1013,1036,2020-09-28T12:58:40
1486,1436,2020-08-13T11:14:47
1172,1166,2020-04-18T01:13:38
1074,1234,2020-10-05T00:59:04
1478,1224,2020-08-24T04:32:30
1106,1264,2020-01-10T09:57:00
1454,1488,2020-06-01T04:16:03
1033,1410,2020-12-28T17:30:41
1056,1116,2020-11-16T17:39:53
1086,1279,2020-11-26T16:03:10
1368,1196,2020-05-03T10:55:51
1363,1235,2020-02-12T05:27:29
1391,1035,2020-10-27T06:50:11
1018,1486,2020-03-15T17:26:15
1313,1035,2020-09-27T11:42:30
1307,1003,2020-02-19T18:49:00
1057,1148,2020-12-28T12:27:44
1362,1019,2020-11-07T07:42:33
1258,1200,2020-08-24T16:27:50
1088,1037,2020-01-27T08:26:31
1101,1201,2020-10-21T21:43:14
1224,1380,2020-04-22T10:08:52
1432,1039,2020-05-22T22:52:25
1404,1397,2020-04-20T06:55:21
1472,1497,2020-02-20T08:36:27
1137,1094,2020-05-29T08:00:59
1225,1452,2020-07-09T00:07:39
1384,1002,2020-08-22T18:23:37
1434,1145,2020-08-23T19:31:40
1471,1304,2020-11-26T08:28:18
1039,1390,2020-11-07T15:33:40
1358,1201,2020-05-03T07:58:30
1208,1416,2020-07-24T19:21:16
1322,1216,2020-06-27T02:08:29
1320,1300,2020-07-24T18:44:35
1395,1306,2020-11-13T11:24:02
1194,1268,2020-01-01T21:20:58
1479,1256,2020-11-30T05:10:45
1075,1427,2020-05-16T05:16:39
1129,1110,2020-05-15T10:22:18
1268,1285,2020-05-13T13:03:54
1300,1062,2020-05-27T13:56:52
1052,1422,2020-11-07T16:24:34
1026,1085,2020-06-01T07:40:09
1188,1139,2020-01-30T18:00:56
1344,1316,2020-05-08T10:17:33
1041,1260,2020-12-19T06:01:10
1072,1007,2020-04-03T13:25:32
1155,1058,2020-01-01T05:18:45
1474,1497,2020-04-25T04:32:12
1388,1051,2020-05-28T04:23:26
1164,1082,2020-10-30T16:54:10
1299,1219,2020-01-23T10:01:32
1486,1139,2020-05-07T11:35:33
1147,1425,2020-12-16T23:47:13
1154,1389,2020-10-22T23:11:42
1465,1282,2020-10-17T12:49:23
1326,1044,2020-07-05T06:22:30
1498,1386,2020-04-25T04:06:51
1336,1369,2020-02-22T20:39:13
1045,1046,2020-12-09T08:17:36
1189,1439,2020-07-18T04:03:31
1149,1036,2020-02-20T05:57:26
1034,1383,2020-07-26T12:25:27
1215,1181,2020-06-17T22:00:49
1030,1143,2020-10-28T07:50:32
1073,1052,2020-09-12T23:22:29
1482,1367,2020-08-02T15:34:09
1069,1377,2020-09-01T12:15:08
1271,1291,2020-10-16T11:05:23
1460,1051,2020-11-14T11:35:43
1391,1439,2020-11-26T15:05:25
1244,1433,2020-02-02T17:28:56
1234,1027,2020-02-18T07:50:21
1106,1417,2020-05-10T10:46:30
1135,1401,2020-03-10T20:34:17
1123,1152,2020-08-12T00:10:23
1464,1186,2020-05-05T17:23:27
1391,1252,2020-06-20T17:12:20
1081,1251,2020-05-20T09:35:06
1308,1498,2020-07-13T21:01:26
1315,1110,2020-04-17T18:22:49
1347,1138,2020-08-12T17:09:37
1090,1228,2020-06-14T02:36:16
1259,1139,2020-09-05T04:42:01
1258,1369,2020-04-14T18:50:02
1363,1273,2020-04-26T11:28:10
1225,1423,2020-01-15T02:38:18
1267,1321,2020-09-04T13:21:40
1064,1201,2020-09-21T17:12:58
1100,1336,2020-08-16T00:27:52
1085,1276,2020-01-27T18:09:47
1338,1209,2020-05-31T20:37:18
1452,1221,2020-12-15T13:16:47
1316,1093,2020-06-19T10:05:10
1231,1029,2020-11-14T16:06:20
1349,1223,2020-10-07T23:28:44
1023,1183,2020-09-01T21:58:06
1018,1473,2020-06-29T07:54:34
1011,1165,2020-11-12T07:52:51
1223,1321,2020-12-23T22:34:41
1169,1365,2020-12-29T20:30:55
1371,1457,2020-03-04T23:32:18
1258,1314,2020-10-04T21:10:41
1059,1325,2020-05-06T14:27:15
1049,1309,2020-05-04T01:07:49
1367,1151,2020-05-04T07:25:59
1005,1348,2020-04-30T03:26:00
1278,1491,2020-12-01T08:53:16
1261,1283,2020-04-07T18:38:25
1015,1016,2020-04-26T03:56:07
1123,1216,2020-11-06T12:43:09
1297,1089,2020-08-16T18:56:30
1285,1215,2020-03-24T18:50:54
1227,1260,2020-11-10T07:47:02
1155,1372,2020-07-05T23:20:57
1079,1310,2020-02-19T01:03:07
1328,1309,2020-04-08T08:13:25
1032,1356,2020-12-19T01:35:31
1057,1062,2020-01-05T17:42:21
1239,1322,2020-09-27T07:22:28
1420,1100,2020-03-25T12:26:00
1321,1374,2020-09-26T06:28:47
1212,1314,2020-07-18T05:32:46
1212,1440,2020-02-28T19:58:46
1226,1078,2020-01-15T13:18:52
1266,1376,2020-09-15T00:45:48
1189,1496,2020-07-11T20:23:14
1398,1097,2020-09-03T21:16:19
1122,1073,2020-06-24T08:31:36
1065,1340,2020-07-18T23:20:42
1230,1475,2020-06-06T02:11:25
1266,1308,2020-02-14T12:20:43
1419,1249,2020-10-07T00:04:05
1215,1192,2020-04-05T06:00:26
1493,1318,2020-03-10T07:55:59
1414,1270,2020-01-03T12:02:21
1455,1466,2020-06-25T20:30:30
1383,1475,2020-01-14T23:37:23
1144,1339,2020-10-16T05:59:19
1116,1290,2020-05-08T15:21:37
1459,1069,2020-10-19T17:25:30
1129,1004,2020-07-20T07:07:39
1101,1133,2020-11-14T10:35:50
1200,1308,2020-10-09T13:14:14
1446,1111,2020-03-31T19:44:45
1061,1354,2020-09-23T01:21:36
1485,1329,2020-01-15T20:53:59
1260,1448,2020-09-09T09:43:29
1327,1467,2020-01-13T05:03:33
1181,1332,2020-10-29T02:46:36
1047,1434,2020-03-31T09:53:53
1372,1138,2020-11-06T13:01:44
1488,1480,2020-02-27T22:15:28
1336,1284,2020-05-29T02:33:00
1398,1219,2020-07-26T07:34:02
1061,1431,2020-07-30T15:11:07
1214,1004,2020-12-02T02:57:18
1197,1045,2020-07-22T13:40:43
1089,1040,2020-09-17T07:57:00
1292,1003,2020-09-18T11:20:48
1264,1398,2020-08-06T07:40:37
1155,1474,2020-07-27T20:40:26
1050,1389,2020-05-26T12:45:25
1390,1244,2020-06-05T22:32:33
1291,1211,2020-08-20T20:11:59
1326,1078,2020-05-24T14:51:27
1037,1142,2020-11-30T18:25:14
1307,1079,2020-12-26T12:54:16
1205,1168,2020-08-28T13:44:19
1219,1394,2020-08-10T07:28:46
1423,1446,2020-06-04T03:12:58
1451,1349,2020-12-11T11:37:18
1366,1264,2020-04-30T18:03:26
1485,1105,2020-12-15T11:22:37
1156,1413,2020-08-04T17:43:33
1470,1203,2020-03-25T00:58:04
1065,1452,2020-04-29T20:05:00
1338,1299,2020-08-12T19:24:39
1132,1286,2020-03-22T11:37:17
1234,1199,2020-06-28T03:25:37
1291,1207,2020-10-29T01:44:51
1022,1358,2020-05-15T19:14:09
1291,1136,2020-07-23T02:04:07
1422,1106,2020-04-22T16:15:23
1318,1104,2020-08-17T21:43:53
1490,1076,2020-08-14T10:44:31
1039,1473,2020-06-08T20:35:10
1346,1054,2020-05-26T12:29:37
1152,1091,2020-09-10T07:06:13
1392,1094,2020-12-14T20:11:29
1109,1296,2020-11-20T06:39:21
1165,1380,2020-12-26T21:37:43
1070,1272,2020-11-07T01:55:04
1312,1266,2020-09-25T02:24:17
1431,1102,2020-02-15T10:44:40
1177,1037,2020-12-15T04:50:28
1091,1468,2020-12-03T17:10:50
1351,1460,2020-02-20T04:40:35
1425,1017,2020-04-15T03:58:20
1298,1138,2020-06-29T00:30:59
1121,1462,2020-08-20T07:23:12
1030,1068,2020-11-04T02:29:07
1457,1235,2020-07-05T23:49:10
1015,1411,2020-11-07T00:31:14
1328,1450,2020-02-01T03:06:53
1277,1019,2020-09-13T19:47:38
1373,1166,2020-02-27T21:08:56
1050,1365,2020-01-19T08:51:34
1333,1014,2020-10-20T11:22:21
1283,1409,2020-03-11T22:32:30
1232,1417,2020-04-04T21:08:47
1194,1472,2020-06-25T12:12:35
1030,1272,2020-05-24T03:13:35
1049,1227,2020-03-09T22:26:46
1362,1454,2020-04-06T10:40:17
1001,1320,2020-03-12T16:32:16
1445,1134,2020-05-18T22:02:33
1472,1099,2020-09-10T22:08:21
1004,1311,2020-12-18T20:37:02
1440,1326,2020-10-05T01:33:19
1353,1397,2020-05-10T21:06:13
1046,1107,2020-09-11T08:52:08
1098,1360,2020-02-19T21:16:07
1338,1276,2020-02-18T13:34:15
1394,1395,2020-08-01T08:47:54
1385,1451,2020-01-16T00:32:30
1406,1121,2020-03-03T00:48:58
1061,1023,2020-04-11T03:16:19
1439,1232,2020-07-30T09:18:00
1104,1239,2020-06-09T01:01:11
1287,1414,2020-01-30T12:19:24
1282,1023,2020-12-13T19:25:40
1318,1306,2020-05-31T13:23:51
1150,1417,2020-04-04T14:52:25
1406,1409,2020-05-09T00:11:23
1125,1465,2020-01-02T07:52:37
1154,1060,2020-05-17T07:15:27
1026,1187,2020-08-18T21:52:32
1081,1005,2020-06-03T20:23:15
1384,1363,2020-04-05T22:16:04
1457,1261,2020-11-26T05:59:58
1316,1110,2020-12-30T03:59:06
1084,1321,2020-08-29T01:52:56
1180,1338,2020-06-15T12:03:12
1469,1175,2020-04-04T01:15:36
1345,1225,2020-01-25T16:55:06
1367,1064,2020-01-02T21:47:45
1031,1382,2020-09-03T07:52:26
1003,1331,2020-05-09T13:39:45
1021,1103,2020-10-31T03:58:00
1168,1059,2020-03-19T13:49:39
1056,1157,2020-01-18T00:53:30
1408,1310,2020-06-18T07:47:52
1442,1248,2020-05-17T22:43:46
1382,1425,2020-08-28T22:09:46
1155,1062,2020-07-29T03:04:21
1035,1208,2020-05-05T17:25:35
1305,1108,2020-12-14T07:00:42
1378,1198,2020-08-01T22:58:01
1287,1053,2020-06-15T20:58:18
1194,1077,2020-08-27T06:30:47
1192,1447,2020-02-28T00:31:40
1457,1022,2020-11-26T05:12:41
1297,1119,2020-06-05T02:34:52
1223,1391,2020-04-03T15:12:15
1129,1137,2020-09-14T00:48:58
1465,1211,2020-06-14T17:39:59
1016,1048,2020-06-17T23:42:30
1092,1054,2020-11-10T06:57:36
1477,1024,2020-05-11T12:46:31
1042,1035,2020-01-06T23:10:54
1041,1070,2020-06-26T10:07:12
1001,1431,2020-09-07T23:58:10
1181,1205,2020-07-11T17:15:29
1241,1461,2020-12-17T00:59:44
1386,1285,2020-09-17T20:32:09
1335,1214,2020-01-19T15:10:28
1070,1320,2020-11-12T22:20:22
1048,1015,2020-12-16T12:06:23
1115,1027,2020-07-12T09:20:41
1374,1472,2020-10-07T10:57:59
1462,1291,2020-06-12T11:27:06
1182,1066,2020-04-16T02:21:42
1371,1276,2020-10-29T23:46:24
1138,1450,2020-03-27T19:51:19
1149,1398,2020-05-02T22:58:20
1329,1446,2020-05-05T13:18:28
1397,1144,2020-08-16T22:02:46
1260,1269,2020-04-28T15:41:40
1219,1145,2020-06-02T20:41:03
1165,1206,2020-10-23T09:05:22
1006,1184,2020-09-17T12:10:05
1352,1421,2020-03-11T15:21:10
1218,1483,2020-07-24T12:47:33
1393,1465,2020-08-29T06:02:04
1304,1120,2020-09-27T19:21:26
1354,1343,2020-11-01T16:47:35
1147,1178,2020-06-17T12:18:02
1311,1039,2020-06-18T00:01:54
1418,1434,2020-06-28T00:57:01
1449,1216,2020-12-29T10:17:15
1482,1018,2020-08-01T05:32:16
1359,1112,2020-12-15T08:59:01
1225,1200,2020-12-01T00:21:41
1455,1306,2020-02-26T16:59:10
1216,1166,2020-12-06T02:26:26
1044,1419,2020-07-08T19:22:44
1232,1279,2020-06-01T10:05:46
1009,1250,2020-09-04T06:09:57
1460,1421,2020-04-25T11:21:35
1330,1094,2020-09-27T05:03:23
1295,1483,2020-11-15T03:39:21
1380,1199,2020-03-18T03:33:38
1231,1404,2020-07-22T00:57:24
1003,1417,2020-08-15T20:15:44
1445,1125,2020-02-25T12:55:32
1454,1464,2020-12-22T18:01:42
1190,1421,2020-06-09T00:22:36
1048,1153,2020-07-22T11:47:40
1125,1322,2020-01-18T08:16:56
1272,1314,2020-03-31T20:14:28
1210,1143,2020-10-22T03:23:56
1250,1088,2020-07-30T04:13:11
1159,1452,2020-07-08T20:22:05
1220,1438,2020-03-01T08:09:15
1461,1223,2020-05-05T03:55:49
1183,1191,2020-03-10T13:23:59
1209,1263,2020-10-13T20:18:02
1123,1240,2020-01-02T20:09:10
1225,1493,2020-04-14T08:49:43
1053,1165,2020-12-11T16:23:47
1199,1434,2020-11-27T15:52:55
1486,1150,2020-02-06T16:53:39
1152,1121,2020-06-14T21:13:42
1003,1415,2020-02-06T11:12:34
1352,1236,2020-07-08T05:20:02
1299,1338,2020-07-20T08:23:41
1046,1405,2020-11-04T22:33:42
1174,1229,2020-06-02T19:29:08
1292,1341,2020-02-28T02:41:19
1485,1154,2020-09-27T00:31:52
1475,1384,2020-12-17T04:47:28
1321,1317,2020-09-27T18:22:00
1379,1012,2020-08-26T02:15:54
1189,1383,2020-02-19T21:06:27
1418,1007,2020-05-13T16:31:59
1463,1120,2020-09-04T00:42:52
1250,1193,2020-01-13T11:40:49
1494,1461,2020-11-25T12:44:26
1496,1461,2020-08-12T15:42:54
1165,1053,2020-04-18T03:48:05
1146,1148,2020-09-02T13:06:32
1465,1273,2020-02-16T06:03:17
1247,1235,2020-09-23T04:51:23
1010,1341,2020-08-26T06:07:24
1287,1131,2020-11-06T05:36:33
1216,1413,2020-09-28T06:41:29
1139,1208,2020-09-09T16:55:38
1007,1243,2020-12-09T03:53:45
1218,1014,2020-09-26T08:21:32
1191,1042,2020-10-18T18:07:11
1216,1322,2020-07-16T07:15:48
1190,1092,2020-05-18T02:32:29
1496,1216,2020-10-21T02:53:50
1209,1227,2020-01-08T19:01:05
1361,1447,2020-03-29T01:29:59
1453,1334,2020-07-09T22:22:32
1020,1432,2020-08-21T00:16:36
1073,1041,2020-03-24T18:05:50
1240,1261,2020-12-18T02:59:32
1083,1297,2020-07-12T19:11:55
1198,1095,2020-05-20T05:41:24
1247,1280,2020-08-15T17:48:58
1014,1295,2020-08-22T12:34:35
1426,1121,2020-11-27T09:47:12
1349,1319,2020-03-21T21:40:05
1323,1074,2020-10-15T03:13:43
1118,1111,2020-04-24T02:55:16
1027,1096,2020-09-03T21:16:43
1255,1344,2020-06-25T22:13:19
1031,1235,2020-08-23T04:13:16
1045,1497,2020-03-15T00:30:23
1359,1087,2020-05-07T16:46:19
1198,1022,2020-11-09T13:16:23
1316,1251,2020-04-22T09:13:02
1464,1134,2020-03-16T07:28:41
1425,1119,2020-11-29T18:47:06
1393,1021,2020-09-30T22:54:26
1254,1389,2020-01-06T13:05:41
1126,1310,2020-11-25T17:14:56
1022,1433,2020-03-19T19:06:52
1353,1187,2020-06-06T15:23:29
1408,1283,2020-05-27T07:53:08
1222,1483,2020-04-27T20:57:52
1373,1339,2020-05-23T19:11:25
1057,1308,2020-08-27T02:10:10
1015,1016,2020-12-09T17:53:37
1166,1146,2020-12-23T12:54:07
1444,1146,2020-02-13T17:23:47
1086,1393,2020-04-03T11:28:02
1083,1004,2020-11-11T23:42:48
1115,1413,2020-01-03T04:21:18
1260,1077,2020-06-03T21:53:37
1003,1208,2020-02-25T10:17:51
1428,1373,2020-03-10T09:35:28
1041,1374,2020-02-07T20:35:11
1042,1122,2020-08-17T23:28:20
1100,1211,2020-07-25T22:39:53
1389,1451,2020-06-01T19:12:35
1194,1238,2020-11-13T23:58:52
1351,1015,2020-09-19T03:56:46
1445,1101,2020-08-04T22:44:59
1353,1247,2020-12-10T13:47:42
1287,1265,2020-12-12T07:58:31
1448,1089,2020-12-23T00:53:30
1499,1116,2020-03-18T11:57:06
1385,1065,2020-09-28T17:19:14
1176,1320,2020-12-04T01:15:02
1479,1066,2020-09-02T03:32:43
1302,1178,2020-09-15T13:13:14
1151,1298,2020-04-07T00:21:18
1117,1199,2020-01-17T04:57:20
1168,1054,2020-12-19T15:04:58
1179,1197,2020-05-25T20:48:35
1493,1162,2020-03-05T23:36:22
1381,1032,2020-02-26T05:25:01
1196,1321,2020-07-31T05:39:36
1131,1420,2020-01-01T17:19:47
1308,1011,2020-01-17T04:02:42
1236,1079,2020-08-20T04:02:59
1178,1149,2020-06-01T08:00:29
1253,1480,2020-02-21T00:31:17
1250,1006,2020-07-05T10:40:06
1009,1110,2020-09-22T13:37:36
1319,1427,2020-09-20T05:18:46
1401,1129,2020-01-20T04:47:53
1282,1366,2020-03-11T16:38:52
1138,1246,2020-05-02T04:57:13
1432,1319,2020-08-22T23:45:50
1463,1061,2020-05-24T04:02:15
1328,1142,2020-01-18T19:50:33
1436,1115,2020-09-08T06:06:36
1182,1034,2020-11-18T18:04:40
1138,1000,2020-11-02T02:10:31
1108,1340,2020-06-06T14:27:38
1027,1286,2020-09-16T20:54:15
1285,1132,2020-04-11T09:06:44
1191,1362,2020-12-12T20:49:24
1000,1263,2020-02-02T11:23:27
1403,1486,2020-08-20T01:24:30
1304,1060,2020-11-20T08:51:32
1321,1346,2020-12-16T06:36:39
1000,1345,2020-10-31T05:44:22
1364,1135,2020-05-16T09:42:16
1147,1165,2020-04-17T16:53:06
1182,1019,2020-06-12T03:26:24
1093,1110,2020-09-22T18:47:59
1229,1278,2020-07-17T23:59:21
1123,1177,2020-04-27T10:05:58
1033,1377,2020-10-03T10:52:23
1347,1407,2020-10-31T07:37:59
1496,1365,2020-11-06T16:39:17
1162,1279,2020-05-29T10:59:46
1243,1310,2020-12-09T05:18:27
1082,1253,2020-04-15T18:11:16
1181,1290,2020-03-10T16:14:39
1042,1070,2020-02-14T09:18:36
1279,1233,2020-04-30T00:40:44
1461,1038,2020-08-09T01:41:20
1376,1397,2020-03-27T07:32:44
1326,1046,2020-08-29T01:48:00
1395,1334,2020-09-23T01:28:34
1140,1388,2020-12-29T19:43:29
1131,1290,2020-09-10T07:20:02
1411,1106,2020-12-26T13:15:50
1362,1445,2020-07-16T21:46:37
1216,1009,2020-11-25T06:17:10
1487,1344,2020-12-24T07:30:57
1198,1418,2020-01-11T17:17:43
1401,1431,2020-05-14T06:09:08
1029,1443,2020-03-07T01:07:20
1426,1108,2020-08-18T20:56:43
1431,1282,2020-09-01T11:18:32
1229,1165,2020-12-09T19:51:07
1185,1272,2020-08-17T20:50:21
1139,1394,2020-12-10T16:06:34
1240,1065,2020-06-03T10:26:49
1072,1347,2020-10-05T20:27:23
1071,1466,2020-07-25T17:47:36
1256,1264,2020-04-28T04:35:35
1398,1347,2020-10-23T03:10:13
1437,1096,2020-03-03T06:57:31
1103,1068,2020-03-06T17:20:06
1228,1318,2020-11-27T06:49:02
1357,1246,2020-09-14T22:34:45
1445,1013,2020-10-03T14:32:25
1307,1432,2020-06-12T07:33:39
1375,1335,2020-03-06T18:19:08
1310,1416,2020-10-21T12:28:51
1294,1185,2020-05-24T19:49:07
1273,1348,2020-01-27T11:40:38
1463,1269,2020-09-03T03:29:16
1031,1047,2020-01-05T18:03:04
1004,1233,2020-01-31T03:15:57
1053,1145,2020-10-26T02:49:02
1301,1028,2020-10-14T07:25:30
1298,1445,2020-12-11T07:22:47
1246,1389,2020-06-24T22:22:34
1302,1233,2020-05-01T10:44:47
1329,1410,2020-09-28T12:38:24
1479,1302,2020-09-17T21:04:07
1035,1464,2020-12-12T11:12:33
1132,1030,2020-01-20T01:12:08
1433,1435,2020-04-23T02:08:20
1092,1010,2020-04-07T14:06:07
1199,1225,2020-03-27T04:43:58
1490,1442,2020-10-12T12:28:29
1482,1027,2020-03-05T16:39:55
1295,1461,2020-06-05T13:52:11
1499,1277,2020-05-14T09:55:54
1166,1466,2020-09-28T14:07:23
1413,1029,2020-11-23T06:31:03
1185,1155,2020-07-24T12:00:45
1059,1193,2020-12-12T14:20:09
1462,1268,2020-09-10T13:31:59
1056,1046,2020-11-19T20:29:53
1391,1186,2020-05-16T04:44:10
1319,1379,2020-08-07T07:13:52
1153,1348,2020-12-11T23:22:15
1382,1167,2020-08-03T08:14:59
1372,1369,2020-11-09T19:10:58
1374,1006,2020-11-04T00:10:31
1448,1143,2020-10-17T22:06:05
1340,1339,2020-09-04T02:10:16
1069,1379,2020-05-01T18:26:49
1243,1116,2020-10-02T13:52:11
1097,1480,2020-10-17T05:25:39
1259,1079,2020-05-18T05:07:17
1163,1230,2020-08-22T08:09:00
1211,1086,2020-07-17T07:33:37
1411,1390,2020-03-28T14:55:35
1287,1140,2020-02-06T05:40:29
1097,1133,2020-08-13T18:36:24
1102,1165,2020-09-09T04:46:23
1247,1059,2020-11-10T07:30:08
1046,1140,2020-01-16T22:04:14
1259,1099,2020-07-12T03:08:51
1425,1330,2020-04-24T13:20:19
1354,1152,2020-03-13T22:51:56
1015,1164,2020-09-17T05:35:29
1008,1060,2020-06-05T11:05:23
1300,1150,2020-01-30T03:31:19
1011,1161,2020-03-10T20:44:36
1094,1107,2020-01-17T05:43:19
1202,1243,2020-06-09T11:37:23
1448,1287,2020-12-17T12:41:04
1093,1045,2020-12-01T13:47:25
1486,1056,2020-09-29T20:53:27
1080,1468,2020-08-12T12:09:42
1051,1063,2020-01-22T03:56:14
1294,1209,2020-05-03T11:14:13
1431,1169,2020-08-09T01:38:25
1306,1001,2020-07-03T21:39:58
1231,1328,2020-04-12T13:41:15
1366,1230,2020-05-26T08:14:18
1020,1081,2020-10-16T21:59:39
1483,1086,2020-08-26T15:11:21
1202,1462,2020-10-19T09:17:16
1391,1340,2020-02-26T08:49:09
1472,1337,2020-08-23T11:52:22
1462,1266,2020-08-27T13:48:01
1254,1143,2020-07-29T05:45:15
1206,1129,2020-03-28T19:31:38
1215,1033,2020-03-30T12:23:38
1411,1377,2020-02-27T07:19:37
1410,1321,2020-12-16T22:40:40
1426,1316,2020-11-30T20:53:27
1424,1434,2020-06-02T16:21:32
1489,1409,2020-03-11T19:25:37
1184,1351,2020-12-25T02:39:06
1382,1304,2020-10-20T23:26:41
1369,1257,2020-05-22T02:53:06
1482,1007,2020-11-29T00:48:39
1391,1420,2020-09-18T15:05:20
1369,1056,2020-11-29T19:31:35
1392,1338,2020-08-13T08:26:36
1395,1191,2020-12-12T00:23:07
1167,1319,2020-07-28T13:42:13
1444,1480,2020-09-28T19:01:58
1028,1040,2020-11-01T12:47:11
1280,1305,2020-04-19T05:02:12
1207,1445,2020-07-11T05:12:45
1172,1122,2020-06-15T21:59:30
1068,1484,2020-06-07T02:48:14
1218,1257,2020-06-04T02:03:12
1085,1466,2020-06-11T22:35:41
1006,1117,2020-02-01T16:45:52
1230,1334,2020-04-12T14:09:03
1051,1446,2020-02-12T20:10:49
1190,1261,2020-02-24T19:04:10
1391,1054,2020-05-27T11:06:26
1401,1148,2020-03-30T20:21:55
1079,1155,2020-11-16T15:54:10
1018,1189,2020-12-30T19:50:39
1242,1359,2020-03-27T16:35:25
1156,1478,2020-12-02T07:20:09
1407,1081,2020-08-12T14:10:52
1432,1121,2020-04-28T21:32:27
1024,1229,2020-06-27T07:31:32
1398,1143,2020-08-24T16:45:47
1414,1142,2020-06-14T04:25:05
1373,1124,2020-08-16T10:26:00
1432,1391,2020-08-26T05:01:53
1389,1133,2020-06-06T09:47:34
1401,1300,2020-08-31T21:10:36
1162,1063,2020-04-09T07:13:00
1410,1068,2020-04-11T23:05:44
1133,1246,2020-11-02T21:26:59
1490,1324,2020-12-22T11:02:42
1389,1170,2020-05-12T20:16:44
1452,1144,2020-04-29T05:20:37
1089,1404,2020-12-09T07:08:26
1395,1189,2020-02-23T14:17:53
1234,1283,2020-01-22T05:44:32
1060,1265,2020-03-10T09:05:41
1269,1291,2020-11-09T18:16:50
1257,1131,2020-11-27T10:28:29
1170,1125,2020-08-13T07:59:29
1491,1009,2020-05-28T05:24:23
1391,1280,2020-01-26T01:19:44
1042,1120,2020-01-26T20:21:50
1181,1222,2020-06-07T15:02:01
1416,1122,2020-04-17T20:19:51
1224,1031,2020-05-07T15:20:55
1387,1363,2020-01-20T07:24:25
1495,1389,2020-10-02T12:01:52
1186,1425,2020-09-03T10:42:35
1011,1126,2020-05-13T13:15:24
1446,1155,2020-12-07T18:15:27
1205,1319,2020-07-07T02:17:31
1217,1467,2020-09-09T02:39:16
1239,1296,2020-07-06T14:05:13
1196,1337,2020-07-15T03:24:19
1218,1455,2020-11-15T21:01:30
1159,1066,2020-07-01T03:55:22
1174,1397,2020-03-26T11:37:28
1444,1197,2020-05-21T08:43:20
1116,1342,2020-06-15T23:59:32
1448,1203,2020-06-05T15:30:29
1325,1377,2020-06-11T09:57:06
1426,1253,2020-07-31T00:07:40
1298,1114,2020-01-10T20:49:58
1242,1360,2020-08-01T22:25:38
1319,1003,2020-05-29T18:34:12
1173,1182,2020-09-11T13:26:57
1209,1318,2020-12-29T08:19:08
1037,1483,2020-02-05T09:24:40
1350,1455,2020-05-10T00:59:38
1449,1338,2020-01-26T20:42:06
1290,1250,2020-01-17T09:31:22
1278,1193,2020-01-01T02:39:34
1499,1150,2020-11-13T11:38:03
1059,1232,2020-04-29T22:55:58
1195,1358,2020-04-22T13:16:32
1256,1473,2020-11-03T12:35:11
1205,1203,2020-06-16T12:49:49
1376,1165,2020-10-06T14:15:17
1326,1246,2020-01-31T10:56:18
1227,1487,2020-11-11T20:06:40
1366,1026,2020-07-04T20:58:16
1248,1383,2020-06-03T11:33:53
1240,1471,2020-06-29T15:55:04
1362,1329,2020-05-13T12:57:04
1216,1371,2020-10-18T16:51:32
1006,1173,2020-06-03T00:54:25
1176,1212,2020-01-28T00:07:59
1415,1396,2020-05-30T13:38:33
1121,1158,2020-03-22T05:46:08
1253,1273,2020-08-27T05:13:09
1110,1352,2020-07-03T01:30:53
1247,1214,2020-08-22T03:32:16
1490,1271,2020-10-05T01:15:49
1212,1335,2020-12-10T10:37:41
1345,1031,2020-01-29T16:22:13
1478,1487,2020-12-02T09:50:58
1362,1236,2020-06-17T20:13:01
1221,1310,2020-07-17T00:58:58
1047,1255,2020-04-27T22:36:29
1117,1304,2020-04-21T18:42:02
1391,1067,2020-12-26T16:51:23
1448,1115,2020-01-30T08:50:37
1348,1122,2020-09-13T19:10:59
1053,1486,2020-01-08T16:02:08
1256,1423,2020-06-28T19:25:27
1352,1086,2020-12-26T07:55:47
1018,1381,2020-02-08T16:10:48
1273,1197,2020-09-07T03:18:28
1131,1417,2020-08-06T12:52:46
1444,1412,2020-01-23T17:38:15
1222,1037,2020-01-21T19:28:05
1266,1172,2020-01-17T17:15:05
1046,1073,2020-11-03T21:46:25
1054,1290,2020-04-27T20:43:04
1141,1254,2020-01-06T06:53:52
1201,1315,2020-02-11T08:27:32
1414,1355,2020-02-14T21:43:34
1468,1340,2020-10-26T18:19:46
1364,1062,2020-11-17T06:57:42
1027,1355,2020-01-26T05:55:27
1316,1008,2020-03-13T20:54:30
1057,1239,2020-06-01T16:02:49
1127,1188,2020-10-28T17:25:52
1319,1390,2020-11-02T09:09:02
1127,1061,2020-07-08T18:01:12
1250,1463,2020-02-24T04:00:39
1487,1495,2020-06-22T08:08:09
1065,1359,2020-08-31T14:27:39
1307,1005,2020-09-13T20:20:26
1214,1404,2020-08-03T23:18:32
1425,1090,2020-11-25T11:11:38
1090,1136,2020-06-28T13:24:33
1149,1059,2020-11-18T05:06:07
1201,1280,2020-02-27T23:12:19
1360,1000,2020-07-19T19:41:26
1171,1410,2020-10-28T20:07:13
1452,1311,2020-04-28T09:49:34
1285,1087,2020-03-04T23:23:10
1377,1329,2020-04-30T13:09:32
1454,1413,2020-07-02T14:00:32
1144,1352,2020-06-26T04:54:03
1403,1245,2020-07-10T09:09:06
1243,1034,2020-04-05T10:01:53
1072,1098,2020-10-17T03:53:22
1224,1231,2020-06-15T15:45:26
1442,1017,2020-03-14T13:16:14
1394,1469,2020-01-04T10:11:04
1430,1216,2020-10-05T17:40:10
1105,1339,2020-08-25T01:42:09
1499,1075,2020-01-17T22:55:43
1381,1329,2020-06-14T16:34:22
1277,1252,2020-11-25T01:04:58
1408,1133,2020-07-18T16:12:26
1322,1450,2020-03-26T13:58:54
1161,1221,2020-06-20T07:18:18
1453,1287,2020-07-03T22:13:51
1268,1234,2020-04-13T09:16:36
1015,1307,2020-01-11T08:55:42
1491,1448,2020-12-14T11:21:57
1477,1094,2020-09-23T10:27:43
1223,1281,2020-04-28T01:17:03
1379,1414,2020-01-20T21:06:18
1121,1178,2020-06-06T14:23:03
1426,1151,2020-10-01T12:19:21
1316,1321,2020-12-14T14:29:43
1022,1075,2020-05-01T02:11:42
1181,1110,2020-08-09T14:40:01
1347,1252,2020-06-13T08:55:54
1028,1046,2020-06-04T13:43:27
1077,1320,2020-11-09T02:22:22
1059,1237,2020-04-15T05:01:01
1209,1386,2020-03-13T04:53:22
1449,1422,2020-04-07T18:40:46
1049,1101,2020-04-03T10:55:15
1236,1166,2020-03-13T06:14:58
1325,1157,2020-06-16T20:27:58
1126,1025,2020-04-17T15:25:08
1006,1309,2020-09-06T17:07:32
1358,1440,2020-06-05T18:05:18
1242,1272,2020-04-22T18:00:16
1443,1326,2020-05-11T10:09:44
1251,1238,2020-06-09T07:43:17
1079,1240,2020-05-09T08:42:48
1192,1468,2020-02-27T18:32:04
1380,1484,2020-06-09T16:23:31
1478,1334,2020-02-21T18:47:59
1326,1344,2020-02-29T22:47:37
1136,1174,2020-05-09T00:22:09
1318,1185,2020-03-09T22:55:40
1323,1210,2020-07-01T14:38:31
1427,1235,2020-09-18T08:11:54
1180,1499,2020-10-06T04:32:01
1424,1295,2020-11-13T18:27:48
1023,1486,2020-09-26T11:08:04
1379,1499,2020-07-04T12:02:40
1357,1318,2020-08-10T00:22:19
1337,1429,2020-10-27T16:23:14
1150,1395,2020-06-21T23:05:16
1481,1002,2020-08-20T08:52:21
1477,1262,2020-10-18T13:54:15
1053,1271,2020-03-22T19:55:50
1484,1452,2020-09-02T05:56:03
1148,1338,2020-03-13T23:13:44
1238,1460,2020-07-29T15:37:47
1004,1466,2020-02-26T16:52:41
1291,1440,2020-07-23T16:18:07
1394,1353,2020-07-19T08:15:20
1072,1017,2020-03-22T09:48:07
1257,1410,2020-08-14T06:51:16
1207,1498,2020-09-26T16:20:00
1237,1221,2020-01-28T08:53:39
1021,1229,2020-10-12T05:03:10
1476,1219,2020-08-14T08:13:24
1416,1228,2020-09-19T07:24:23
1333,1106,2020-03-12T04:04:13
1332,1332,2020-04-06T10:02:01
1092,1087,2020-04-26T02:24:58
1019,1121,2020-07-14T19:15:38
1063,1049,2020-12-03T10:38:10
1140,1266,2020-03-04T09:06:09
1214,1452,2020-08-17T04:36:36
1016,1003,2020-05-25T13:30:37
1139,1450,2020-04-09T08:55:45
1196,1082,2020-12-19T09:20:47
1289,1072,2020-09-20T16:10:11
1415,1090,2020-01-31T23:53:16
1163,1375,2020-10-28T21:53:10
1241,1074,2020-07-15T13:40:38
1038,1113,2020-12-10T13:23:08
1091,1260,2020-07-20T08:20:42
1493,1276,2020-11-27T21:14:15
1313,1084,2020-07-24T06:53:58
1468,1249,2020-06-11T02:04:29
1321,1304,2020-02-02T05:01:27
1022,1079,2020-09-20T21:04:00
1017,1263,2020-07-28T23:58:54
1234,1261,2020-05-27T08:17:13
1404,1135,2020-12-06T12:14:57
1362,1130,2020-09-04T07:10:30
1236,1234,2020-09-14T03:09:30
1002,1205,2020-11-22T16:50:19
1153,1012,2020-06-02T21:54:21
1052,1439,2020-09-20T19:21:28
1010,1304,2020-11-07T11:38:40
1049,1093,2020-07-03T01:37:45
1125,1273,2020-03-23T22:20:08
1018,1436,2020-11-25T02:38:58
1445,1202,2020-08-08T08:27:32
1434,1453,2020-04-01T23:10:00
1140,1168,2020-02-21T01:37:07
1464,1420,2020-12-15T19:03:52
1161,1286,2020-07-20T22:03:18
1077,1338,2020-02-04T10:48:09
1184,1364,2020-08-05T16:13:58
1349,1209,2020-03-07T07:39:29
1055,1352,2020-10-10T05:17:54
1379,1182,2020-07-08T13:42:00
1025,1095,2020-04-11T04:44:30
1067,1246,2020-10-28T09:42:14
1198,1180,2020-08-25T12:10:11
1065,1188,2020-02-27T07:36:52
1410,1279,2020-12-28T07:16:51
1415,1434,2020-12-30T15:05:44
1278,1228,2020-05-10T15:31:47
1366,1023,2020-10-05T08:19:01
1222,1455,2020-10-22T01:48:59
1078,1167,2020-11-02T07:34:46
1272,1485,2020-12-17T06:09:46
1421,1249,2020-01-25T07:00:18
1110,1291,2020-05-04T06:49:31
1372,1123,2020-10-16T18:29:16
1296,1040,2020-04-04T09:50:20
1298,1071,2020-12-03T07:14:23
1318,1464,2020-03-11T13:01:19
1272,1271,2020-08-03T17:55:18
1490,1408,2020-04-26T22:47:11
1073,1350,2020-09-02T20:10:47
1097,1375,2020-05-14T21:12:16
1188,1029,2020-12-10T05:59:21
1420,1187,2020-09-19T23:41:54
1032,1186,2020-06-24T14:38:20
1156,1042,2020-09-05T19:02:36
1110,1404,2020-10-10T03:14:06
1181,1179,2020-06-12T07:28:40
1080,1378,2020-11-02T15:42:35
1146,1320,2020-09-30T14:43:34
1335,1467,2020-12-16T11:16:20
1125,1330,2020-03-11T05:58:22
1204,1338,2020-10-24T05:06:48
1375,1479,2020-10-18T20:47:57
1187,1177,2020-10-21T22:50:33
1297,1273,2020-01-10T10:58:53
1290,1257,2020-06-28T02:49:26
1072,1419,2020-04-22T18:34:45
1389,1152,2020-05-18T08:15:15
1226,1194,2020-06-29T03:28:04
1243,1014,2020-08-09T13:57:22
1032,1320,2020-02-19T01:01:31
1145,1270,2020-11-03T07:42:45
1053,1465,2020-10-17T17:01:51
1087,1214,2020-01-29T01:46:54
1107,1107,2020-04-12T00:10:52
1298,1284,2020-09-06T12:59:21
1201,1292,2020-10-09T05:19:53
1042,1455,2020-05-29T02:07:26
1038,1067,2020-08-16T14:52:08
1461,1237,2020-09-08T09:14:22
1094,1491,2020-07-23T16:30:04
1282,1186,2020-06-03T18:23:20
1233,1090,2020-07-13T01:34:02
1340,1216,2020-05-31T22:31:42
1326,1352,2020-09-10T12:38:17
1030,1129,2020-06-26T19:45:03
1353,1383,2020-07-24T19:44:21
1225,1312,2020-04-22T07:39:57
1096,1147,2020-01-20T20:09:57
1459,1201,2020-05-06T04:32:50
1334,1451,2020-09-16T22:47:17
1193,1268,2020-11-14T10:40:57
1142,1211,2020-08-06T03:32:33
1457,1279,2020-02-07T14:25:52
1221,1244,2020-07-25T00:41:00
1047,1057,2020-01-08T09:29:38
1364,1015,2020-01-26T01:37:12
1372,1368,2020-08-20T01:32:39
1136,1098,2020-11-17T10:56:40
1306,1459,2020-11-27T21:22:08
1126,1339,2020-07-10T04:32:38
1182,1461,2020-06-15T00:46:05
1413,1410,2020-09-27T18:13:52
1446,1153,2020-02-01T11:00:25
1411,1257,2020-07-07T15:31:13
1032,1253,2020-04-17T19:30:41
1403,1256,2020-03-03T17:31:45
1407,1348,2020-07-26T22:01:39
1249,1016,2020-09-01T03:32:33
1455,1294,2020-05-15T01:43:49
1444,1135,2020-08-01T17:20:28
1409,1108,2020-11-27T19:27:53
1162,1456,2020-01-26T09:18:10
1169,1002,2020-01-27T14:00:38
1070,1465,2020-03-31T11:29:07
1295,1244,2020-07-10T06:08:55
1394,1138,2020-12-25T03:05:42
1177,1454,2020-04-21T00:03:32
1326,1260,2020-03-29T15:38:37
1431,1410,2020-01-25T23:50:47
1432,1154,2020-09-11T22:38:57
1461,1170,2020-01-13T07:00:16
1406,1284,2020-12-23T03:40:38
1300,1027,2020-06-21T19:19:31
1034,1095,2020-04-18T22:33:53
1218,1211,2020-05-02T06:52:18
1169,1193,2020-01-08T06:41:30
1469,1093,2020-06-09T15:45:06
1306,1362,2020-04-21T18:50:06
1267,1432,2020-11-11T10:27:50
1080,1346,2020-02-16T21:44:40
1356,1392,2020-12-03T16:51:50
1068,1076,2020-04-06T14:06:32
1422,1245,2020-03-04T20:22:08
1458,1302,2020-01-13T04:25:32
1136,1173,2020-01-03T21:38:17
1013,1297,2020-03-30T18:54:43
1043,1038,2020-07-22T23:30:22
1486,1466,2020-03-23T17:32:37
1212,1235,2020-01-16T13:52:19
1481,1106,2020-04-22T16:12:21
1029,1460,2020-02-09T11:42:19
1202,1183,2020-06-01T06:19:18
1240,1332,2020-10-20T18:44:51
1458,1454,2020-06-19T02:55:46
1463,1440,2020-01-04T19:20:19
1101,1173,2020-03-14T08:40:44
1105,1398,2020-11-19T12:23:12
1164,1282,2020-06-15T22:12:09
1093,1410,2020-02-02T21:23:17
1278,1397,2020-01-10T14:18:38
1297,1224,2020-03-09T13:41:20
1376,1074,2020-06-03T14:18:03
1222,1133,2020-12-23T10:15:04
1317,1499,2020-10-30T10:23:33
1356,1462,2020-10-26T14:46:13
1457,1086,2020-07-02T16:03:13
1180,1286,2020-11-08T11:03:56
1192,1209,2020-02-26T15:53:33
1384,1192,2020-09-08T00:02:21
1388,1469,2020-12-24T00:38:43
1146,1107,2020-11-10T07:39:25
1252,1463,2020-09-27T22:12:56
1393,1088,2020-04-01T11:47:42
1124,1061,2020-06-26T21:18:18
1257,1056,2020-12-21T14:44:12
1125,1247,2020-03-10T06:01:53
1491,1453,2020-07-24T12:39:08
1315,1080,2020-04-09T01:40:56
1327,1092,2020-12-13T20:04:51
1337,1094,2020-07-22T07:38:26
1011,1261,2020-01-20T14:26:38
1447,1201,2020-12-05T17:24:54
1006,1405,2020-11-23T11:32:22
1284,1482,2020-09-30T03:21:29
1401,1345,2020-08-01T19:22:46
1139,1207,2020-11-28T09:11:05
1471,1155,2020-02-13T01:56:26
1404,1252,2020-05-22T12:20:51
1184,1175,2020-02-13T18:46:45
1035,1087,2020-10-27T14:44:24
1372,1386,2020-09-06T07:28:39
1017,1357,2020-11-23T21:04:56
1224,1037,2020-08-09T05:13:15
1001,1123,2020-08-17T20:07:19
1048,1241,2020-01-05T21:27:21
1151,1181,2020-04-30T00:17:06
1358,1015,2020-10-19T10:22:43
1020,1226,2020-08-27T01:51:23
1469,1427,2020-06-01T04:01:03
1368,1069,2020-03-28T18:42:22
1453,1287,2020-12-18T02:41:33
1137,1497,2020-01-17T21:20:24
1218,1254,2020-10-12T20:06:55
1129,1138,2020-03-26T16:14:11
1251,1190,2020-06-08T15:39:53
1339,1248,2020-06-03T12:53:07
1387,1443,2020-05-31T01:54:56
1037,1057,2020-01-09T02:57:14
1233,1044,2020-12-15T06:34:28
1442,1349,2020-08-30T06:32:19
1124,1024,2020-10-17T08:33:20
1284,1070,2020-11-26T10:24:23
1012,1062,2020-09-03T17:49:33
1371,1074,2020-07-01T06:14:45
1192,1220,2020-01-27T00:20:35
1236,1155,2020-09-18T04:00:37
1202,1211,2020-12-25T08:22:01
1442,1104,2020-12-27T00:49:46
1190,1450,2020-10-03T13:26:59
1150,1285,2020-01-01T00:43:08
1236,1086,2020-03-12T11:58:30
1371,1257,2020-02-29T03:11:18
1140,1424,2020-10-17T12:54:23
1315,1378,2020-12-22T20:04:55
1016,1385,2020-05-08T03:43:19
1077,1054,2020-01-12T20:09:10
1012,1054,2020-11-13T10:58:29
1012,1071,2020-02-25T18:31:22
1262,1336,2020-04-10T19:29:46
1332,1331,2020-07-13T09:36:35
1450,1477,2020-06-08T17:09:46
1310,1142,2020-05-27T13:16:03
1238,1018,2020-04-03T20:53:53
1090,1342,2020-12-21T21:45:37
1461,1221,2020-08-31T05:27:05
1297,1229,2020-08-20T16:42:59
1428,1496,2020-07-23T18:57:17
1137,1301,2020-09-10T11:35:43
1252,1130,2020-01-17T12:07:19
1266,1428,2020-01-30T20:33:20
1067,1249,2020-12-01T02:50:47
1275,1366,2020-10-20T12:36:32
1240,1437,2020-01-09T04:53:22
1119,1375,2020-12-27T23:21:38
1184,1178,2020-09-13T17:50:17
1169,1313,2020-06-28T22:20:57
1362,1379,2020-10-01T06:14:33
1115,1092,2020-07-26T21:30:28
1306,1216,2020-09-08T09:28:08
1088,1469,2020-06-29T20:16:56
1137,1340,2020-04-04T05:10:52
1080,1091,2020-03-29T10:36:39
1077,1405,2020-08-04T03:56:49
1090,1235,2020-02-01T08:41:51
1380,1488,2020-10-18T09:54:21
1179,1019,2020-06-10T09:45:42
1405,1284,2020-04-26T23:50:26
1231,1467,2020-06-22T19:31:47
1422,1147,2020-02-18T16:25:26
1172,1096,2020-03-23T00:13:29
1116,1050,2020-04-17T01:52:54
1034,1007,2020-07-18T01:16:03
1087,1304,2020-11-25T10:41:09
1343,1291,2020-07-20T02:07:41
1296,1352,2020-12-10T13:08:24
1096,1369,2020-07-07T20:11:11
1017,1307,2020-03-05T06:44:58
1112,1022,2020-02-09T11:18:04
1011,1213,2020-12-25T23:12:38
1336,1297,2020-07-16T02:42:03
1105,1016,2020-11-10T06:27:59
1375,1137,2020-11-15T20:13:15
1365,1415,2020-04-19T09:03:36
1194,1059,2020-03-26T01:27:25
1117,1005,2020-12-11T12:40:07
1242,1393,2020-01-26T02:11:12
1106,1019,2020-08-19T00:35:20
1483,1172,2020-04-08T13:56:41
1466,1369,2020-07-29T01:06:12
1296,1251,2020-04-03T10:14:28
1349,1191,2020-04-05T16:32:34
1263,1165,2020-05-29T19:28:41
1057,1239,2020-11-02T21:38:40
1109,1150,2020-12-23T09:55:55
1067,1420,2020-06-07T17:58:50
1203,1187,2020-04-09T22:18:29
1383,1114,2020-07-03T22:38:56
1174,1354,2020-11-17T21:17:50
1021,1455,2020-11-15T03:49:10
1198,1355,2020-03-28T02:32:00
1355,1198,2020-07-01T17:07:13
1256,1282,2020-06-06T12:38:15
1231,1204,2020-11-11T15:31:31
1341,1447,2020-01-22T19:45:30
1473,1407,2020-03-06T19:37:11
1449,1250,2020-06-21T05:35:07
1318,1436,2020-10-11T19:08:51
1395,1306,2020-03-11T18:41:17
1038,1288,2020-04-11T07:31:47
1303,1485,2020-07-16T20:17:01
1246,1388,2020-04-21T16:12:46
1499,1320,2020-01-15T12:00:28
1308,1436,2020-03-30T20:59:07
1231,1019,2020-12-16T00:01:42
1179,1221,2020-07-11T08:25:41
1012,1430,2020-01-10T07:54:11
1323,1102,2020-08-29T12:21:32
1263,1183,2020-08-19T00:50:46
1141,1005,2020-04-09T03:07:01
1359,1103,2020-04-28T00:29:52
1134,1373,2020-06-14T00:03:13
1199,1215,2020-05-30T07:52:08
1364,1267,2020-02-27T15:26:20
1139,1009,2020-02-11T19:46:31
1186,1470,2020-09-20T14:17:55
1274,1194,2020-08-18T16:14:29
1025,1384,2020-09-26T17:53:18
1476,1106,2020-05-25T07:34:36
1019,1078,2020-09-22T07:24:50
1414,1024,2020-07-11T10:40:45
1204,1238,2020-02-02T19:48:12
1487,1357,2020-08-01T21:59:19
1215,1391,2020-06-28T22:35:32
1257,1256,2020-02-29T05:07:42
1372,1218,2020-12-18T03:20:27
1364,1361,2020-07-21T06:11:18
1454,1363,2020-11-19T02:30:26
1346,1048,2020-06-10T20:53:22
1017,1351,2020-12-22T19:23:36
1260,1428,2020-04-21T06:47:30
1312,1139,2020-01-29T11:31:52
1381,1489,2020-04-07T00:34:11
1342,1337,2020-04-13T19:33:59
1066,1473,2020-02-23T04:52:28
1013,1147,2020-08-30T00:17:21
1294,1322,2020-06-05T00:52:14
1273,1298,2020-05-18T21:13:28
1413,1110,2020-12-16T17:49:10
1395,1124,2020-03-17T07:28:22
1199,1086,2020-10-25T20:08:01
1075,1083,2020-05-31T22:05:39
1386,1392,2020-10-27T21:46:49
1279,1243,2020-11-12T21:08:46
1306,1122,2020-07-25T13:15:35
1343,1276,2020-01-03T09:02:00
1149,1081,2020-09-08T03:08:03
1336,1144,2020-06-03T11:50:14
1100,1319,2020-08-04T08:53:27
1290,1351,2020-06-17T04:36:10
1304,1396,2020-04-21T05:07:36
1360,1000,2020-02-06T15:32:47
1467,1232,2020-12-28T19:05:12
1136,1016,2020-09-23T22:15:48
1086,1163,2020-11-18T04:51:42
1183,1183,2020-07-26T12:48:49
1312,1465,2020-06-02T05:40:30
1102,1000,2020-01-08T06:10:23
1152,1368,2020-10-14T20:57:45
1417,1237,2020-09-11T10:42:53
1215,1065,2020-12-19T03:21:57
1269,1136,2020-03-26T00:03:24
1111,1005,2020-01-12T16:06:27
1374,1354,2020-08-20T11:13:54
1121,1319,2020-01-23T17:49:33
1293,1200,2020-02-13T05:06:40
1491,1320,2020-07-11T23:14:11
1304,1145,2020-09-25T23:35:00
1465,1270,2020-11-06T16:37:19
1216,1228,2020-12-04T22:49:25
1050,1290,2020-01-08T02:19:29
1435,1032,2020-11-20T16:40:14
1191,1224,2020-12-12T08:27:11
1370,1202,2020-05-25T04:53:56
1012,1240,2020-10-19T19:49:49
1075,1019,2020-06-30T00:30:35
1265,1123,2020-02-19T19:38:07
1459,1370,2020-09-02T20:30:55
1423,1473,2020-10-15T13:46:52
1166,1135,2020-05-24T17:15:32
1343,1490,2020-05-13T17:43:51
1385,1107,2020-01-11T02:48:03
1260,1023,2020-10-04T05:47:42
1321,1210,2020-03-19T01:29:08
1208,1158,2020-06-28T13:11:50
1070,1179,2020-06-18T21:40:40
1342,1438,2020-05-11T21:46:51
1285,1495,2020-04-20T21:37:55
1393,1483,2020-11-13T23:09:40
1468,1407,2020-03-31T17:54:04
1244,1048,2020-03-28T11:39:46
1444,1378,2020-10-05T05:41:50
1255,1232,2020-06-19T21:48:45
1241,1160,2020-10-05T02:36:01
1025,1474,2020-02-16T10:08:28
1129,1386,2020-02-06T16:11:47
1369,1191,2020-12-30T21:28:01
1271,1414,2020-09-02T21:02:32
1310,1065,2020-08-10T21:35:01
1073,1451,2020-01-29T09:53:49
1402,1434,2020-08-29T11:21:33
1091,1307,2020-05-24T20:10:59
1238,1440,2020-06-10T04:59:19
1152,1029,2020-11-07T16:27:18
1479,1247,2020-04-12T00:51:42
1109,1191,2020-09-08T01:12:27
1286,1347,2020-09-15T02:43:49
1162,1419,2020-10-25T18:31:21
1262,1068,2020-04-08T08:23:20
1161,1012,2020-11-09T19:42:57
1298,1234,2020-07-22T04:16:07
1267,1011,2020-04-18T20:45:15
1086,1124,2020-04-02T00:57:50
1361,1400,2020-07-01T23:11:02
1338,1404,2020-10-09T15:03:30
1301,1111,2020-12-21T00:31:40
1332,1372,2020-11-19T20:50:00
1493,1177,2020-02-25T05:03:13
1155,1483,2020-08-20T00:35:17
1064,1401,2020-06-08T10:11:57
1099,1155,2020-04-05T03:09:33
1239,1090,2020-04-17T10:42:19
1168,1063,2020-10-12T20:28:56
1435,1313,2020-10-09T16:18:27
1463,1384,2020-10-07T12:26:05
1452,1115,2020-04-27T08:24:34
1078,1369,2020-01-09T02:26:09
1095,1482,2020-09-02T23:32:58
1347,1007,2020-09-27T03:53:14
1275,1100,2020-04-27T04:35:34
1164,1428,2020-05-05T11:44:05
1191,1144,2020-02-15T08:43:19
1024,1001,2020-12-01T16:28:43
1158,1275,2020-03-20T21:37:52
1063,1394,2020-12-15T14:42:32
1350,1186,2020-10-25T05:19:53
1176,1380,2020-02-06T05:31:05
1426,1456,2020-01-12T02:00:54
1283,1117,2020-07-31T19:05:28
1140,1125,2020-07-20T02:34:33
1420,1209,2020-04-22T14:04:34
1190,1186,2020-11-05T02:53:29
1303,1339,2020-10-24T16:26:32
1057,1300,2020-01-09T07:36:46
1067,1072,2020-06-18T23:52:25
1486,1447,2020-11-23T22:51:13
1430,1440,2020-03-18T19:18:43
1078,1350,2020-03-31T09:07:48
1332,1446,2020-12-06T03:33:15
1181,1204,2020-10-14T09:47:00
1432,1023,2020-09-28T20:25:42
1491,1213,2020-10-05T04:39:19
1493,1335,2020-05-19T20:29:27
1317,1413,2020-08-07T02:24:41
1058,1030,2020-09-26T12:58:43
1345,1466,2020-12-17T04:50:34
1324,1472,2020-04-10T20:05:06
1463,1133,2020-04-25T21:10:29
1349,1089,2020-09-19T04:00:40
1291,1459,2020-02-04T01:41:55
1252,1098,2020-07-16T13:57:40
1068,1331,2020-04-24T01:17:34
1077,1259,2020-07-08T08:43:35
1027,1001,2020-03-05T09:28:53
1366,1178,2020-10-04T08:20:44
1298,1208,2020-01-18T09:36:31
1289,1112,2020-01-04T17:49:08
1452,1335,2020-06-12T05:48:17
1422,1002,2020-05-26T23:53:42
1430,1291,2020-07-28T11:11:13
1238,1361,2020-08-07T16:07:40
1434,1104,2020-06-07T00:46:04
1071,1375,2020-11-04T11:57:24
1019,1340,2020-11-01T18:04:34
1119,1270,2020-02-09T10:31:16
1062,1432,2020-10-01T17:17:16
1148,1103,2020-01-12T06:22:19
1316,1329,2020-02-12T18:02:47
1304,1403,2020-04-01T13:02:41
1257,1336,2020-11-28T11:00:43
1155,1157,2020-04-19T13:58:14
1319,1460,2020-07-03T06:15:06
1061,1251,2020-01-27T22:07:44
1494,1055,2020-07-23T21:51:15
1310,1459,2020-08-26T09:02:02
1197,1358,2020-04-18T11:07:45
1241,1441,2020-11-19T01:38:39
1008,1435,2020-12-22T10:13:58
1264,1225,2020-08-28T11:51:50
1107,1035,2020-12-25T21:30:32
1301,1266,2020-11-13T20:26:08
1022,1379,2020-11-19T02:33:48
1175,1441,2020-08-24T17:36:46
1241,1437,2020-12-28T22:49:49
1303,1396,2020-03-24T00:54:08
1180,1293,2020-02-11T08:41:06
1469,1218,2020-07-26T11:25:51
1339,1134,2020-11-24T03:31:19
1366,1193,2020-07-10T19:24:23
1318,1394,2020-10-10T22:47:46
1261,1096,2020-04-06T23:09:33
1334,1410,2020-11-06T02:41:15
1330,1397,2020-08-14T23:29:47
1017,1440,2020-04-18T03:08:45
1334,1294,2020-05-22T19:47:54
1239,1376,2020-03-02T02:23:43
1135,1440,2020-05-31T03:11:48
1064,1412,2020-03-09T12:03:58
1209,1428,2020-11-23T02:15:37
1012,1300,2020-02-04T15:31:05
1457,1217,2020-07-01T11:37:42
1231,1422,2020-09-29T21:07:42
1303,1252,2020-02-22T17:14:51
1117,1276,2020-04-25T15:56:07
1138,1294,2020-05-15T05:47:37
1317,1219,2020-10-09T10:34:40
1015,1209,2020-03-23T09:39:31
1204,1211,2020-02-08T05:39:15
1246,1470,2020-05-17T12:14:09
1134,1344,2020-08-20T20:52:21
1184,1026,2020-12-07T00:53:20
1345,1400,2020-05-30T05:16:08
1461,1422,2020-09-22T20:02:06
1002,1118,2020-04-03T13:54:45
1222,1195,2020-11-20T10:39:33
1312,1375,2020-07-21T13:09:46
1060,1142,2020-07-08T19:25:03
1379,1273,2020-09-23T15:37:18
1401,1375,2020-02-24T06:15:45
1293,1305,2020-07-19T22:31:34
1429,1193,2020-01-03T07:27:40
1306,1350,2020-09-13T09:17:27
1034,1220,2020-06-15T18:19:43
1048,1174,2020-03-20T10:48:27
1466,1445,2020-10-28T13:30:16
1229,1387,2020-06-26T17:43:52
1227,1298,2020-10-19T06:42:04
1178,1241,2020-09-12T02:32:19
1370,1074,2020-11-22T01:17:27
1046,1434,2020-03-06T14:49:23
1144,1055,2020-03-02T16:01:05
1221,1472,2020-10-13T03:43:28
1156,1480,2020-11-29T01:32:32
1288,1130,2020-01-27T02:33:33
1334,1441,2020-06-18T20:34:40
1395,1207,2020-05-18T02:58:00
1138,1154,2020-05-28T17:34:51
1225,1095,2020-12-20T16:29:01
1142,1201,2020-08-20T16:09:43
1115,1168,2020-09-11T03:40:03
1207,1475,2020-11-14T07:43:52
1020,1468,2020-01-12T12:28:57
1004,1064,2020-05-28T17:27:14
1464,1130,2020-06-30T04:48:39
1195,1174,2020-11-01T07:23:59
1170,1269,2020-08-31T00:10:56
1434,1317,2020-09-28T10:44:01
1066,1036,2020-06-20T10:02:19
1341,1204,2020-11-26T15:20:24
1299,1166,2020-05-31T02:28:11
1269,1205,2020-12-14T08:16:36
1312,1124,2020-07-07T21:35:56
1006,1323,2020-06-03T16:12:11
1394,1099,2020-11-03T19:38:41
1176,1444,2020-02-13T14:03:55
1015,1232,2020-04-10T13:17:06
1296,1321,2020-05-28T23:21:06
1114,1318,2020-03-25T14:14:27
1010,1418,2020-05-10T11:37:35
1259,1439,2020-03-17T18:13:39
1233,1492,2020-02-28T17:54:32
1035,1418,2020-03-18T19:44:42
1280,1414,2020-04-03T23:10:55
1318,1065,2020-03-28T23:13:06
1365,1038,2020-06-14T23:10:01
1187,1097,2020-08-07T16:27:12
1161,1252,2020-01-24T23:55:37
1365,1361,2020-08-14T00:30:34
1245,1039,2020-01-01T12:22:13
1398,1076,2020-05-11T00:00:21
1390,1206,2020-10-01T16:07:42
1067,1091,2020-11-29T11:04:05
1049,1218,2020-02-08T00:44:14
1071,1453,2020-09-23T02:21:30
1379,1240,2020-06-03T20:52:29
1121,1148,2020-06-27T23:18:08
1249,1442,2020-03-06T01:50:23
1195,1203,2020-07-22T15:45:45
1132,1252,2020-08-13T11:03:30
1463,1115,2020-07-12T22:13:00
1139,1201,2020-07-21T19:14:50
1324,1146,2020-07-22T12:47:33
1030,1276,2020-05-12T14:06:52
1394,1239,2020-08-14T21:11:03
1498,1377,2020-11-09T14:35:50
1337,1382,2020-11-02T01:05:42
1259,1311,2020-07-12T18:39:28
1342,1379,2020-12-13T06:24:50
1302,1444,2020-05-16T02:40:39
1005,1000,2020-06-28T00:14:30
1025,1214,2020-02-21T17:35:53
1307,1324,2020-01-29T03:13:06
1308,1257,2020-08-21T07:27:54
1404,1236,2020-07-24T13:50:01
1112,1456,2020-05-31T06:28:51
1053,1378,2020-06-20T12:42:01
1494,1144,2020-09-15T05:02:19
1065,1261,2020-02-17T02:59:11
1041,1123,2020-07-01T13:33:43
1475,1135,2020-01-29T04:19:17
1296,1267,2020-06-15T15:00:23
1093,1271,2020-11-06T04:38:52
1125,1051,2020-09-05T19:45:13
1043,1254,2020-02-28T23:11:03
1369,1433,2020-08-24T12:32:32
1481,1244,2020-02-08T10:49:44
1018,1191,2020-06-20T05:11:18
1147,1387,2020-03-17T13:48:39
1175,1303,2020-10-22T02:11:55
1271,1441,2020-03-12T10:14:53
1482,1318,2020-01-07T04:48:18
1360,1204,2020-01-03T09:22:43
1421,1450,2020-07-17T18:18:09
1337,1138,2020-04-11T19:59:34
1412,1049,2020-12-02T17:09:10
1321,1262,2020-10-08T11:48:40
1399,1236,2020-06-09T15:00:17
1045,1010,2020-01-29T19:01:17
1000,1233,2020-11-08T16:51:42
1309,1111,2020-04-03T03:19:43
1051,1313,2020-08-22T22:02:27
1346,1102,2020-10-15T17:31:55
1068,1096,2020-09-25T11:18:39
1077,1481,2020-08-16T12:35:30
1249,1327,2020-08-13T11:01:38
1042,1248,2020-09-25T08:38:07
1051,1033,2020-12-03T05:30:09
1096,1153,2020-12-09T19:17:36
1388,1460,2020-09-28T03:56:25
1163,1475,2020-03-10T08:31:43
1143,1033,2020-05-24T05:01:46
1114,1372,2020-08-03T22:22:52
1336,1287,2020-03-01T02:42:43
1007,1278,2020-07-13T16:23:24
1199,1128,2020-01-24T19:08:57
1305,1034,2020-06-04T07:19:27
1070,1018,2020-06-09T01:47:07
1010,1066,2020-06-01T08:58:43
1486,1174,2020-08-15T05:40:45
1092,1399,2020-07-23T03:07:14
1398,1271,2020-02-06T22:47:47
1239,1497,2020-07-03T20:36:57
1033,1487,2020-02-23T02:24:02
1231,1368,2020-07-14T17:48:58
1480,1025,2020-02-27T20:01:41
1075,1120,2020-02-11T09:47:19
1183,1312,2020-10-24T19:41:26
1150,1442,2020-12-18T16:57:31
1377,1215,2020-02-18T07:44:48
1457,1222,2020-02-07T15:20:07
1190,1173,2020-08-06T07:13:28
1072,1409,2020-06-22T14:49:23
1046,1352,2020-11-12T04:17:29
1020,1420,2020-07-23T11:04:56
1336,1008,2020-12-14T07:56:59
1037,1229,2020-10-28T14:58:43
1200,1258,2020-07-18T00:33:06
1165,1144,2020-03-04T11:30:33
1226,1090,2020-02-03T17:21:05
1494,1169,2020-04-16T01:34:06
1396,1147,2020-08-25T22:03:57
1046,1436,2020-11-19T04:28:46
1462,1338,2020-10-19T01:19:23
1237,1228,2020-01-31T12:41:12
1072,1092,2020-06-28T05:33:02
1142,1094,2020-03-07T02:47:35
1171,1227,2020-09-08T17:50:01
1404,1310,2020-04-19T16:32:08
1307,1219,2020-09-30T16:03:26
1307,1254,2020-11-19T18:25:02
1487,1138,2020-10-31T11:24:18
1333,1453,2020-11-24T21:09:08
1447,1116,2020-07-01T03:37:02
1298,1038,2020-02-03T02:32:46
1483,1070,2020-04-05T06:08:02
1210,1433,2020-05-29T08:04:22
1324,1248,2020-05-19T23:44:01
1294,1119,2020-08-05T01:14:46
1277,1369,2020-06-29T17:12:10
1261,1329,2020-08-04T15:44:25
1498,1296,2020-04-01T01:43:23
1487,1114,2020-06-18T02:36:46
1270,1000,2020-10-09T22:09:16
1083,1077,2020-04-09T23:43:38
1094,1235,2020-08-18T20:05:25
1282,1376,2020-01-06T07:13:57
1230,1085,2020-09-22T04:50:46
1154,1074,2020-04-16T13:20:54
1451,1334,2020-06-11T05:56:16
1230,1387,2020-06-11T23:37:36
1065,1298,2020-10-09T06:25:07
1076,1059,2020-04-22T20:49:17
1056,1485,2020-05-03T01:32:53
1237,1243,2020-10-01T15:45:29
1397,1390,2020-10-16T16:20:26
1499,1201,2020-04-06T15:07:34
1101,1106,2020-11-21T14:16:26
1404,1451,2020-01-23T04:16:30
1104,1096,2020-02-24T23:22:59
1000,1379,2020-02-06T09:57:11
1324,1491,2020-12-21T00:38:21
1240,1015,2020-08-08T00:14:25
1487,1155,2020-09-15T06:12:49
1197,1255,2020-06-04T04:24:15
1233,1298,2020-01-12T08:10:37
1098,1496,2020-08-08T01:05:44
1215,1287,2020-04-07T02:20:51
1190,1475,2020-11-12T22:23:59
1063,1252,2020-04-29T16:54:26
1114,1367,2020-06-29T19:25:32
1102,1235,2020-04-16T06:10:08
1374,1241,2020-12-12T20:29:19
1311,1176,2020-03-30T09:39:48
1254,1243,2020-02-22T01:08:37
1148,1335,2020-02-10T13:25:04
1342,1210,2020-04-07T17:51:23
1016,1378,2020-09-25T15:25:29
1095,1008,2020-10-25T08:34:27
1305,1344,2020-05-21T15:38:18
1215,1441,2020-06-23T01:44:54
1109,1460,2020-06-30T13:03:20
1419,1181,2020-10-26T12:29:51
1107,1059,2020-02-19T04:04:49
1466,1147,2020-11-14T11:07:18
1132,1422,2020-07-14T04:27:09
1256,1271,2020-07-24T21:45:45
1057,1198,2020-02-01T18:15:07
1433,1124,2020-10-15T11:32:48
1392,1299,2020-10-19T06:14:15
1302,1377,2020-08-16T00:30:54
1322,1192,2020-11-21T01:50:54
1197,1438,2020-04-16T15:22:29
1483,1339,2020-10-22T13:11:19
1377,1152,2020-11-22T18:46:02
1282,1025,2020-05-15T11:24:09
1133,1348,2020-02-15T00:41:27
1486,1381,2020-03-09T20:30:20
1119,1224,2020-10-05T04:39:08
1038,1211,2020-01-26T00:03:45
1022,1431,2020-07-22T06:41:57
1402,1070,2020-04-19T00:57:49
1350,1189,2020-11-18T23:57:46
1423,1047,2020-05-15T05:56:24
1479,1326,2020-11-18T23:41:31
1421,1030,2020-01-18T07:38:48
1213,1327,2020-11-15T04:47:46
1241,1133,2020-09-17T06:49:49
1167,1215,2020-10-01T20:11:02
1294,1219,2020-10-26T14:37:56
1034,1399,2020-02-27T23:32:19
1040,1255,2020-06-06T16:40:29
1204,1333,2020-01-15T06:14:24
1102,1443,2020-04-14T22:53:25
1296,1243,2020-10-08T04:18:51
1439,1076,2020-06-15T09:17:51
1005,1265,2020-09-08T02:11:15
1393,1275,2020-02-18T07:18:20
1268,1486,2020-07-03T09:46:55
1448,1313,2020-06-11T13:41:11
1263,1429,2020-12-09T04:22:41
1098,1473,2020-04-16T14:25:20
1164,1466,2020-08-27T20:18:42
1349,1104,2020-09-26T18:44:09
1269,1474,2020-11-22T09:17:54
1480,1136,2020-01-20T00:07:49
1227,1327,2020-02-01T05:24:30
1232,1185,2020-05-08T13:11:44
1194,1260,2020-02-06T15:55:46
1137,1455,2020-02-17T23:33:02
1171,1343,2020-07-04T06:18:08
1213,1003,2020-06-21T03:13:58
1003,1266,2020-01-04T20:05:45
1181,1145,2020-04-02T06:01:45
1367,1463,2020-03-12T21:18:04
1186,1104,2020-07-15T09:50:39
1361,1249,2020-05-23T17:45:09
1290,1139,2020-10-09T17:09:08
1348,1232,2020-05-10T03:37:51
1091,1077,2020-04-18T08:49:03
1157,1456,2020-09-04T16:18:51
1229,1492,2020-12-13T20:56:57
1087,1092,2020-09-07T05:08:32
1306,1111,2020-01-04T02:02:30
1371,1332,2020-07-02T01:41:28
1340,1321,2020-11-09T18:13:16
1331,1471,2020-08-03T09:02:15
1161,1177,2020-03-24T02:04:50
1108,1236,2020-12-28T04:39:49
1111,1088,2020-08-02T18:43:56
1328,1007,2020-01-31T03:13:15
1370,1029,2020-10-03T20:27:49
1375,1015,2020-11-23T10:57:54
1356,1095,2020-05-12T15:10:46
1229,1331,2020-10-20T03:07:06
1132,1156,2020-01-26T02:57:24
1124,1427,2020-07-15T17:03:48
1313,1183,2020-03-10T05:11:34
1082,1381,2020-10-19T12:28:15
1142,1105,2020-07-29T11:27:12
1136,1053,2020-01-26T02:39:33
1404,1441,2020-01-05T02:45:55
1229,1040,2020-04-16T08:18:36
1498,1380,2020-02-21T23:24:07
1283,1081,2020-02-13T03:47:24
1085,1245,2020-04-10T14:01:59
1049,1337,2020-05-17T20:39:41
1496,1248,2020-03-11T12:38:31
1349,1339,2020-11-22T12:20:23
1055,1164,2020-01-28T04:49:20
1084,1251,2020-02-03T07:01:11
1347,1064,2020-04-10T23:55:38
1462,1480,2020-09-02T14:28:23
1031,1220,2020-02-13T01:50:38
1167,1047,2020-10-09T04:13:54
1159,1346,2020-09-13T16:21:44
1422,1091,2020-10-20T02:16:50
1222,1492,2020-11-25T05:11:54
1189,1089,2020-09-12T08:14:27
1429,1489,2020-10-30T05:23:43
1371,1110,2020-10-25T13:45:49
1016,1189,2020-10-13T12:20:04
1125,1360,2020-03-20T15:28:41
1336,1337,2020-04-01T15:25:10
1419,1158,2020-03-03T20:16:05
1472,1237,2020-11-12T21:44:36
1493,1425,2020-07-16T11:35:36
1017,1036,2020-10-23T08:10:22
1349,1187,2020-11-12T09:22:21
1272,1017,2020-07-20T23:26:20
1008,1040,2020-10-24T18:01:51
1432,1373,2020-03-31T15:41:01
1266,1398,2020-09-27T13:25:36
1169,1387,2020-05-11T20:21:20
1443,1488,2020-01-12T13:22:07
1233,1498,2020-06-20T17:29:07
1329,1012,2020-10-16T19:54:09
1041,1354,2020-10-31T11:17:37
1073,1481,2020-04-07T07:52:20
1445,1071,2020-08-22T20:46:21
1169,1384,2020-04-11T01:25:15
1201,1261,2020-04-25T13:10:49
1065,1272,2020-03-14T05:47:34
1264,1123,2020-09-16T17:09:22
1094,1192,2020-02-16T19:28:50
1412,1449,2020-07-16T02:57:40
1215,1019,2020-10-25T16:23:37
1052,1472,2020-04-22T06:44:47
1425,1447,2020-03-23T22:56:07
1303,1218,2020-07-14T09:47:47
1007,1415,2020-11-13T16:07:31
1393,1332,2020-09-30T13:56:28
1036,1340,2020-07-25T09:14:09
1087,1252,2020-09-07T14:24:17
1220,1192,2020-04-14T16:35:33
1131,1390,2020-05-02T21:37:55
1181,1170,2020-10-02T22:30:16
1028,1183,2020-02-06T00:41:49
1045,1386,2020-10-16T22:34:21
1050,1259,2020-02-09T09:16:49
1414,1326,2020-06-29T05:49:40
1200,1304,2020-08-11T19:20:14
1418,1097,2020-01-30T09:58:48
1080,1345,2020-09-03T05:31:51
1269,1108,2020-02-09T05:10:44
1214,1420,2020-08-25T01:51:47
1460,1085,2020-04-13T11:01:40
1477,1287,2020-03-22T11:37:34
1002,1019,2020-01-31T08:32:17
1468,1151,2020-02-03T23:30:34
1087,1162,2020-04-30T14:11:04
1252,1113,2020-05-25T00:22:28
1493,1238,2020-07-25T15:33:41
1225,1208,2020-07-09T16:20:13
1378,1374,2020-12-23T05:27:14
1183,1444,2020-02-05T22:17:11
1497,1349,2020-10-05T23:00:28
1158,1240,2020-01-19T17:56:48
1417,1410,2020-09-19T09:16:39
1068,1101,2020-05-12T18:00:32
1332,1131,2020-01-29T07:28:49
1394,1486,2020-08-11T13:59:57
1476,1170,2020-04-01T16:11:27
1394,1459,2020-10-25T05:37:20
1370,1292,2020-07-19T09:20:51
1237,1391,2020-06-19T07:39:15
1009,1444,2020-05-15T04:28:42
